/*
MySQL Backup
Source Server Version: 5.6.21
Source Database: mysql
Date: 2019-10-09 03:14:58
*/

SET FOREIGN_KEY_CHECKS=0;

-- ----------------------------
--  Table structure for `sys_area`
-- ----------------------------
DROP TABLE IF EXISTS `sys_area`;
CREATE TABLE `sys_area` (
  `RWID` varchar(32) NOT NULL,
  `AREA_CODE` varchar(64) DEFAULT NULL COMMENT '地区编码',
  `AREA_NAME` varchar(64) DEFAULT NULL COMMENT '地区名称',
  `PARENT_AREA_ID` varchar(32) DEFAULT NULL,
  `AREA_NAME_PY` varchar(128) DEFAULT NULL,
  `ORDER_SORT` double(19,2) DEFAULT NULL COMMENT '排序',
  `IS_CITY` int(1) DEFAULT NULL COMMENT '是否城市',
  `CREATE_USER_ID` varchar(32) DEFAULT NULL,
  `CREATE_TIME` timestamp NULL DEFAULT NULL ON UPDATE CURRENT_TIMESTAMP,
  `MODIFY_USER_ID` varchar(255) DEFAULT NULL,
  `MODIFY_TIME` timestamp NULL DEFAULT NULL ON UPDATE CURRENT_TIMESTAMP,
  PRIMARY KEY (`RWID`)
) ENGINE=InnoDB DEFAULT CHARSET=utf8 COMMENT='地区信息表';

-- ----------------------------
--  Table structure for `sys_dict`
-- ----------------------------
DROP TABLE IF EXISTS `sys_dict`;
CREATE TABLE `sys_dict` (
  `ID` varchar(32) NOT NULL,
  `dict_code` varchar(128) NOT NULL COMMENT '字典编码，唯一',
  `dict_name` varchar(200) DEFAULT NULL COMMENT '字典名称',
  `dict_type` int(1) DEFAULT NULL COMMENT '字典类型，1：列表，2：树形',
  `status` int(1) DEFAULT NULL COMMENT '状态，0：禁用，1：启用',
  `create_user_id` varchar(32) DEFAULT NULL,
  `create_time` timestamp NULL DEFAULT NULL ON UPDATE CURRENT_TIMESTAMP,
  `modify_user_id` varchar(32) DEFAULT NULL,
  `modify_time` timestamp NULL DEFAULT NULL ON UPDATE CURRENT_TIMESTAMP COMMENT 'SYS_DICT',
  PRIMARY KEY (`ID`),
  UNIQUE KEY `UK_SYS_DICT_CODE` (`dict_code`) USING HASH
) ENGINE=InnoDB DEFAULT CHARSET=utf8 COMMENT='数据字典信息表';

-- ----------------------------
--  Table structure for `sys_dict_item`
-- ----------------------------
DROP TABLE IF EXISTS `sys_dict_item`;
CREATE TABLE `sys_dict_item` (
  `ID` varchar(32) NOT NULL COMMENT '主键',
  `dictid` varchar(32) DEFAULT NULL COMMENT '字典ID',
  `item_code` varchar(128) NOT NULL COMMENT '配置编码',
  `item_name` varchar(200) DEFAULT NULL COMMENT '配置项名称',
  `parent_id` varchar(32) DEFAULT NULL,
  `status` int(1) DEFAULT NULL COMMENT '状态，0：禁用，1：启用',
  `create_user_id` varchar(32) DEFAULT NULL,
  `create_time` timestamp NULL DEFAULT NULL ON UPDATE CURRENT_TIMESTAMP,
  `modify_user_id` varchar(32) DEFAULT NULL,
  `modify_time` timestamp NULL DEFAULT NULL ON UPDATE CURRENT_TIMESTAMP,
  PRIMARY KEY (`ID`),
  UNIQUE KEY `UK_DICT_ITEM_CODE` (`dictid`,`item_code`)
) ENGINE=InnoDB DEFAULT CHARSET=utf8 COMMENT='字典配置详情信息表';

-- ----------------------------
--  Table structure for `sys_log`
-- ----------------------------
DROP TABLE IF EXISTS `sys_log`;
CREATE TABLE `sys_log` (
  `id` varchar(32) NOT NULL COMMENT '主键',
  `OPERATE_NAME` varchar(128) DEFAULT NULL COMMENT '用户名',
  `operation` varchar(4000) DEFAULT NULL COMMENT '操作',
  `method` varchar(1024) DEFAULT NULL COMMENT '方法',
  `params` varchar(1000) DEFAULT NULL COMMENT '参数',
  `ip` varchar(64) DEFAULT NULL COMMENT 'ip',
  `remark` varchar(4000) DEFAULT NULL COMMENT '备注',
  `CREATE_USER_ID` varchar(32) DEFAULT NULL COMMENT '创建时间',
  `CREATE_TIME` timestamp NULL DEFAULT NULL ON UPDATE CURRENT_TIMESTAMP,
  PRIMARY KEY (`id`)
) ENGINE=InnoDB DEFAULT CHARSET=utf8 COMMENT='日志信息表';

-- ----------------------------
--  Table structure for `sys_menu`
-- ----------------------------
DROP TABLE IF EXISTS `sys_menu`;
CREATE TABLE `sys_menu` (
  `id` varchar(32) NOT NULL COMMENT '菜单id',
  `parent_id` varchar(32) DEFAULT NULL COMMENT '上级id',
  `name` varchar(50) DEFAULT NULL COMMENT '菜单名称',
  `action_url` varchar(1000) DEFAULT NULL COMMENT '菜单地址',
  `perms` varchar(256) DEFAULT NULL COMMENT '权限标识',
  `menu_type` int(1) DEFAULT NULL COMMENT '类型，0：目录，1：菜单，2：按钮，3：其他',
  `icon` varchar(256) DEFAULT NULL COMMENT '图标',
  `sort_no` double(19,2) DEFAULT NULL COMMENT '排序',
  `create_user_id` varchar(32) DEFAULT NULL,
  `create_time` timestamp NULL DEFAULT NULL ON UPDATE CURRENT_TIMESTAMP,
  `modify_user_id` varchar(32) DEFAULT NULL,
  `modify_time` timestamp NULL DEFAULT NULL ON UPDATE CURRENT_TIMESTAMP,
  PRIMARY KEY (`id`)
) ENGINE=InnoDB DEFAULT CHARSET=utf8 COMMENT='菜单信息表';

-- ----------------------------
--  Table structure for `sys_organize`
-- ----------------------------
DROP TABLE IF EXISTS `sys_organize`;
CREATE TABLE `sys_organize` (
  `RWID` varchar(32) NOT NULL,
  `ORG_CODE` varchar(32) DEFAULT NULL,
  `ORG_NAME` varchar(64) DEFAULT NULL,
  `parent_org_id` varchar(32) DEFAULT NULL,
  `parent_orgs` varchar(200) DEFAULT NULL,
  `create_user_id` varchar(32) DEFAULT NULL,
  `create_time` timestamp NULL DEFAULT NULL ON UPDATE CURRENT_TIMESTAMP,
  `modify_user_id` varchar(32) DEFAULT NULL,
  `modify_time` timestamp NULL DEFAULT NULL ON UPDATE CURRENT_TIMESTAMP,
  PRIMARY KEY (`RWID`)
) ENGINE=InnoDB DEFAULT CHARSET=utf8;

-- ----------------------------
--  Table structure for `sys_role`
-- ----------------------------
DROP TABLE IF EXISTS `sys_role`;
CREATE TABLE `sys_role` (
  `RWID` varchar(32) NOT NULL COMMENT '角色ID',
  `ROLE_CODE` varchar(64) NOT NULL COMMENT '角色编码',
  `ROLE_NAME` varchar(64) DEFAULT NULL COMMENT '角色名称',
  `REMARK` varchar(512) DEFAULT NULL COMMENT '描述',
  `STATUS` int(1) DEFAULT '1' COMMENT '角色状态，0：禁用，1：正常',
  `IS_SYSTEM` int(1) DEFAULT '0' COMMENT '是否内置角色，1:是，0：否，内置角色不允许删除',
  `create_user_id` varchar(32) DEFAULT NULL,
  `create_time` timestamp NULL DEFAULT NULL ON UPDATE CURRENT_TIMESTAMP,
  `modify_user_id` varchar(32) DEFAULT NULL,
  `modify_time` timestamp NULL DEFAULT NULL ON UPDATE CURRENT_TIMESTAMP,
  PRIMARY KEY (`RWID`)
) ENGINE=InnoDB DEFAULT CHARSET=utf8 COMMENT='角色信息表';

-- ----------------------------
--  Table structure for `sys_role_menu`
-- ----------------------------
DROP TABLE IF EXISTS `sys_role_menu`;
CREATE TABLE `sys_role_menu` (
  `id` varchar(32) NOT NULL COMMENT '主键',
  `menu_id` varchar(32) DEFAULT NULL COMMENT '菜单id',
  `role_id` varchar(32) DEFAULT NULL COMMENT '角色id',
  PRIMARY KEY (`id`)
) ENGINE=InnoDB DEFAULT CHARSET=utf8 COMMENT='角色权限关系表';

-- ----------------------------
--  Table structure for `sys_user`
-- ----------------------------
DROP TABLE IF EXISTS `sys_user`;
CREATE TABLE `sys_user` (
  `RWID` varchar(32) NOT NULL,
  `login_acct` varchar(64) NOT NULL COMMENT '登录帐号',
  `login_pwd` varchar(128) DEFAULT NULL COMMENT '登录密码,加密保存',
  `user_name` varchar(62) DEFAULT NULL COMMENT '姓名（中文）',
  `email` varchar(1024) DEFAULT NULL COMMENT '电子邮件',
  `mobile` varchar(16) DEFAULT NULL COMMENT '手机号',
  `STATUS` int(1) DEFAULT '1' COMMENT '状态，1：正常，0：停用/禁用',
  `IS_LOCK` int(1) DEFAULT '0' COMMENT '是否锁定，1：锁定，0：解锁',
  `LOCK_TYPE` int(1) DEFAULT NULL COMMENT '锁定类型，1：登录次数超限制，2：校验密码次数超限制，3：密码过期，4：长期不登录',
  `LOCK_TIME` timestamp NULL DEFAULT NULL ON UPDATE CURRENT_TIMESTAMP,
  `SORT_NO` double(19,2) DEFAULT NULL COMMENT '排序',
  `ORG_ID` varchar(32) DEFAULT NULL COMMENT '单位ID',
  `AREA_ID` varchar(32) DEFAULT NULL COMMENT '地区ID',
  `CREATE_USER_ID` varchar(32) DEFAULT NULL,
  `CREATE_TIME` timestamp NULL DEFAULT NULL ON UPDATE CURRENT_TIMESTAMP,
  `MODIFY_USER_ID` varchar(32) DEFAULT NULL,
  `MODIFY_TIME` timestamp NULL DEFAULT NULL ON UPDATE CURRENT_TIMESTAMP,
  PRIMARY KEY (`RWID`)
) ENGINE=InnoDB DEFAULT CHARSET=utf8 COMMENT='系统用户表';

-- ----------------------------
--  Table structure for `sys_user_role`
-- ----------------------------
DROP TABLE IF EXISTS `sys_user_role`;
CREATE TABLE `sys_user_role` (
  `RWID` varchar(32) NOT NULL,
  `USER_ID` varchar(32) DEFAULT NULL COMMENT '用户ID，关联SYS_USER.RWID',
  `ROLE_ID` varchar(32) DEFAULT NULL COMMENT '角色ID，关联SYS_ROLE.RWID',
  PRIMARY KEY (`RWID`)
) ENGINE=InnoDB DEFAULT CHARSET=utf8;

-- ----------------------------
--  Records 
-- ----------------------------
INSERT INTO `sys_dict` VALUES ('9A3A81EC4E4D4D3CAC93CB21A7205E4B','XINGB','性别','1','1',NULL,NULL,NULL,NULL);
INSERT INTO `sys_dict_item` VALUES ('06A7F4CBDD4A4AD78EE4143B7AD9A426','9A3A81EC4E4D4D3CAC93CB21A7205E4B','0','男',NULL,'1',NULL,NULL,NULL,NULL), ('0822627E7BF84A3F86BFE4DA10C556D6','9A3A81EC4E4D4D3CAC93CB21A7205E4B','1','女',NULL,'1',NULL,'2019-09-24 23:14:12',NULL,'2019-09-24 23:14:12');
INSERT INTO `sys_menu` VALUES ('11F8038E13BA43EA88C4CBC75A0AB3DF','157561D5BB17469086FA11638FD16A0D','加锁',NULL,'sys:user:lock','2',NULL,'1.36',NULL,'2019-09-24 23:05:58',NULL,'2019-09-24 23:05:58'), ('157561D5BB17469086FA11638FD16A0D','2FB26B507924440B968BED4C3A279AEC','用户管理','/fish-manager/user/list','sys:user:list','1','fa fa-user','1.30',NULL,'2019-09-24 23:05:54',NULL,'2019-09-24 23:05:54'), ('169C89AC4F5342ED909DF777141C333A','23EB4B738E954535B3C0DA926B52B6A9','地区管理','/fish-core/area/list','','1','fa fa-area-chart','2.20',NULL,'2019-09-24 23:04:31',NULL,'2019-09-24 23:04:31'), ('23AE57B39FC54AEA8202B0C954A0ABC8','6D0D711491F04F09AA763D09298B656E','删除',NULL,'organize:delete','2',NULL,'1.04',NULL,'2019-09-24 23:10:20',NULL,'2019-09-24 23:10:20'), ('23EB4B738E954535B3C0DA926B52B6A9','0','基础配置',NULL,NULL,'0','fa fa-server','2.00',NULL,'2019-06-20 20:39:42',NULL,NULL), ('258AD3CB4AD54C9694A38907745CC7AD','6D0D711491F04F09AA763D09298B656E','查看',NULL,'organize:info','2',NULL,'1.03',NULL,'2019-09-24 23:10:04',NULL,'2019-09-24 23:10:04'), ('275DE054E7DB46D79B3981CD4344AA49','157561D5BB17469086FA11638FD16A0D','启用/停用',NULL,'sys:user:enable','2',NULL,'1.33',NULL,'2019-09-24 23:05:57',NULL,'2019-09-24 23:05:57'), ('2B173C237AB040F1BF4CF798BFFBD0E4','C67CF8BD12B845C082D559027859CF94','新增',NULL,'sys:dict:save','2',NULL,'2.11',NULL,'2019-09-24 23:11:17',NULL,'2019-09-24 23:11:17'), ('2DBEFE4302184B1DBADDA6CDEA44A941','157561D5BB17469086FA11638FD16A0D','查看',NULL,'sys:user:list,sys:user:info','2',NULL,'1.34',NULL,'2019-09-24 23:08:55',NULL,'2019-09-24 23:08:55'), ('2F6A74A1A5264BD180C33EF4042D01A5','157561D5BB17469086FA11638FD16A0D','删除',NULL,'sys:user:remove','2',NULL,'1.35',NULL,'2019-09-24 23:09:08',NULL,'2019-09-24 23:09:08'), ('2FB26B507924440B968BED4C3A279AEC','0','系统管理','','','0','fa fa-cogs','1.00',NULL,'2019-05-09 09:42:53',NULL,'2019-05-09 09:42:53'), ('340A8F934ABE4F639D3C1CA6AB1B44BA','B571E1A529DA4004AEC143B342AC368D','新增',NULL,'sys:role:add,sys:menu:perms','2',NULL,'1.21',NULL,'2019-09-24 23:11:01',NULL,'2019-09-24 23:11:01'), ('56276AC9D54F419385575967EE088DFB','169C89AC4F5342ED909DF777141C333A','新增',NULL,'area:save','2',NULL,'2.21',NULL,'2019-09-24 23:09:47',NULL,'2019-09-24 23:09:47'), ('5B9A8A91B2FC415F8A66B9C7081FCBCB','C67CF8BD12B845C082D559027859CF94','查看',NULL,'sys:dict:list,sys:dict:info','2',NULL,'2.13',NULL,'2019-09-24 23:11:13',NULL,'2019-09-24 23:11:13'), ('6392E1A6E9094BA0948A2813F6022C9A','6D0D711491F04F09AA763D09298B656E','修改',NULL,'organize:update','2',NULL,'1.02',NULL,'2019-09-24 23:10:14',NULL,'2019-09-24 23:10:14'), ('6D0D711491F04F09AA763D09298B656E','2FB26B507924440B968BED4C3A279AEC','单位管理','/fish-manager/org/list','organize:list','1','fa fa-users','1.00',NULL,'2019-09-24 23:07:16',NULL,'2019-09-24 23:07:16'), ('6E0605969EEB40828396C48E4BEB8FFB','81DB2085475F4D8E8277466F8509B872','新增',NULL,'sys:menu:add,sys:menu:select','2',NULL,'1.11',NULL,'2019-09-24 23:10:27',NULL,'2019-09-24 23:10:27'), ('73EB754BD8D747A78416CF7E7D438C83','2FB26B507924440B968BED4C3A279AEC','系统日志','/sys/log/list','sys:log:list','1','fa fa-file-text-o','1.40',NULL,'2019-09-24 23:08:25',NULL,'2019-09-24 23:08:25'), ('753162C366CC4BE8848835083E52A4B8','E626977424314A3BB92DA7E2FBE995C2','图标管理','/fish-manager/indexHome/iconPage','','0','fa fa-tachometer','4.00',NULL,'2019-09-25 02:39:56',NULL,'2019-09-25 02:39:56'), ('7E461EBC96B4499791908FF782224708','73EB754BD8D747A78416CF7E7D438C83','删除',NULL,'sys:log:remove','2','fa fa-trash','1.40',NULL,'2019-09-24 23:08:22',NULL,'2019-09-24 23:08:22'), ('7EF45D395B8F4FCE90204753709128B8','169C89AC4F5342ED909DF777141C333A','删除',NULL,'area:delete','2',NULL,'2.23',NULL,'2019-09-24 23:09:52',NULL,'2019-09-24 23:09:52'), ('7F3E8063D15844D7A7AB27D634842231','6D0D711491F04F09AA763D09298B656E','新增',NULL,'organize:save','2',NULL,'1.01',NULL,'2019-09-24 23:10:06',NULL,'2019-09-24 23:10:06'), ('81DB2085475F4D8E8277466F8509B872','2FB26B507924440B968BED4C3A279AEC','菜单管理','/fish-manager/menu/list','sys:menu:list','1','fa fa-th-list','1.10',NULL,'2019-09-24 23:08:10',NULL,'2019-09-24 23:08:10'), ('8D16516CA9324E0283A37D2EC37689CD','157561D5BB17469086FA11638FD16A0D','解锁',NULL,'sys:user:unlock','2',NULL,'1.37',NULL,'2019-09-24 23:05:55',NULL,'2019-09-24 23:05:55'), ('A08BC6AEE58A448B834DFB9626FBF6BB','169C89AC4F5342ED909DF777141C333A','修改',NULL,'area:update','2',NULL,'2.24',NULL,'2019-09-24 23:09:51',NULL,'2019-09-24 23:09:51'), ('A884804E0933486CB3B7ACECB3062CE7','157561D5BB17469086FA11638FD16A0D','新增',NULL,'sys:user:add','2',NULL,'1.31',NULL,'2019-09-24 23:08:59',NULL,'2019-09-24 23:08:59'), ('B571E1A529DA4004AEC143B342AC368D','2FB26B507924440B968BED4C3A279AEC','角色管理','/fish-manager/role/list','sys:role:list','1','fa fa-user-secret','1.20',NULL,'2019-09-24 23:08:00',NULL,'2019-09-24 23:08:00'), ('BAE4E1693142428193B880FBC90730AA','B571E1A529DA4004AEC143B342AC368D','查看',NULL,'sys:role:list,sys:role:info','2',NULL,'1.23',NULL,'2019-09-24 23:10:57',NULL,'2019-09-24 23:10:57'), ('C05D281058574E17A832BC914127B8E1','B571E1A529DA4004AEC143B342AC368D','删除',NULL,'sys:role:remove','2',NULL,'1.24',NULL,'2019-09-24 23:11:09',NULL,'2019-09-24 23:11:09'), ('C67CF8BD12B845C082D559027859CF94','23EB4B738E954535B3C0DA926B52B6A9','字典管理','/fish-core/dict/list',NULL,'1','fa fa-file-code-o','2.10',NULL,'2019-09-24 23:06:41',NULL,'2019-09-24 23:06:41'), ('C8E8113B021E4D6482C3583F02C8ACD3','E626977424314A3BB92DA7E2FBE995C2','sql监控','/druid/sql.html',NULL,'1','fa fa-bar-chart','3.10',NULL,'2019-09-25 02:37:03',NULL,'2019-09-25 02:37:03'), ('E0551D508FDE487BBE03F34295FC3E9C','C67CF8BD12B845C082D559027859CF94','修改',NULL,'sys:dict:update,sys:dict:modify','2',NULL,'2.12',NULL,'2019-09-24 23:11:21',NULL,'2019-09-24 23:11:21'), ('E056A1AB511742F9AED4D73BB93B7445','C67CF8BD12B845C082D559027859CF94','删除',NULL,'sys:dict:delete,sys:dict:remove','2',NULL,'2.14',NULL,'2019-09-24 23:11:25',NULL,'2019-09-24 23:11:25'), ('E570CC77D88A40CDB19A038B3142B42F','81DB2085475F4D8E8277466F8509B872','删除',NULL,'sys:menu:remove','2',NULL,'1.14',NULL,'2019-09-24 23:10:54',NULL,'2019-09-24 23:10:54'), ('E626977424314A3BB92DA7E2FBE995C2','0','开发工具',NULL,NULL,'0','fa fa-th-large','3.00',NULL,'2019-06-21 11:48:00',NULL,'2019-06-21 11:48:00'), ('ED45759CF5C64CA99752E17ED2D7EDDF','81DB2085475F4D8E8277466F8509B872','修改',NULL,'sys:menu:edit,sys:menu:select','2',NULL,'1.12',NULL,'2019-09-24 23:10:49',NULL,'2019-09-24 23:10:49'), ('F3D172411F6F40F683222DD0EA7896BE','169C89AC4F5342ED909DF777141C333A','查看',NULL,'area:list,area:info','2',NULL,'2.22',NULL,'2019-09-24 23:09:28',NULL,'2019-09-24 23:09:28'), ('F565779CF9784C22A04459A61F8AB4F5','81DB2085475F4D8E8277466F8509B872','查看',NULL,'sys:menu:list,sys:menu:info','2',NULL,'1.13',NULL,'2019-09-24 23:10:23',NULL,'2019-09-24 23:10:23'), ('F71C5AE2F3BA448BA93BA7B85E555152','157561D5BB17469086FA11638FD16A0D','修改',NULL,'sys:user:edit','2',NULL,'1.32',NULL,'2019-09-24 23:09:03',NULL,'2019-09-24 23:09:03'), ('F7E65F4CC1D54D00AFEB8B5440A4AF62','B571E1A529DA4004AEC143B342AC368D','修改',NULL,'sys:role:edit,sys:menu:perms','2',NULL,'1.22',NULL,'2019-09-24 23:11:05',NULL,'2019-09-24 23:11:05');
INSERT INTO `sys_organize` VALUES ('2849FC29AB744B58A5F9BF5FFEBC2AB5','001','默认单位',NULL,'2849FC29AB744B58A5F9BF5FFEBC2AB5','1','2019-06-21 13:19:05',NULL,'2019-06-21 13:19:05');
INSERT INTO `sys_role` VALUES ('1D7EA23EA14B4ACDA0A86E36B7E60816','Administrator','超级管理员','系统内置管理员','1','1',NULL,'2019-05-08 22:08:12','B0095B89261A454E8C04A4F57CF9F75D','2019-05-08 22:08:13'), ('2CA70FC9B93F4048AB47040C68474FC9','admin','系统管理员','仅次于超级管理员的权限角色','0','0','B0095B89261A454E8C04A4F57CF9F75D','2019-07-19 01:19:54','B0095B89261A454E8C04A4F57CF9F75D','2019-07-19 01:19:54');
INSERT INTO `sys_role_menu` VALUES ('47950F91DEE511E9825B1831BF4FC3F6','11F8038E13BA43EA88C4CBC75A0AB3DF','1D7EA23EA14B4ACDA0A86E36B7E60816'), ('47951121DEE511E9825B1831BF4FC3F6','157561D5BB17469086FA11638FD16A0D','1D7EA23EA14B4ACDA0A86E36B7E60816'), ('479511ABDEE511E9825B1831BF4FC3F6','169C89AC4F5342ED909DF777141C333A','1D7EA23EA14B4ACDA0A86E36B7E60816'), ('47951205DEE511E9825B1831BF4FC3F6','23AE57B39FC54AEA8202B0C954A0ABC8','1D7EA23EA14B4ACDA0A86E36B7E60816'), ('479512F0DEE511E9825B1831BF4FC3F6','23EB4B738E954535B3C0DA926B52B6A9','1D7EA23EA14B4ACDA0A86E36B7E60816'), ('4795134BDEE511E9825B1831BF4FC3F6','258AD3CB4AD54C9694A38907745CC7AD','1D7EA23EA14B4ACDA0A86E36B7E60816'), ('4795139DDEE511E9825B1831BF4FC3F6','275DE054E7DB46D79B3981CD4344AA49','1D7EA23EA14B4ACDA0A86E36B7E60816'), ('479513E1DEE511E9825B1831BF4FC3F6','2B173C237AB040F1BF4CF798BFFBD0E4','1D7EA23EA14B4ACDA0A86E36B7E60816'), ('47951436DEE511E9825B1831BF4FC3F6','2DBEFE4302184B1DBADDA6CDEA44A941','1D7EA23EA14B4ACDA0A86E36B7E60816'), ('4795147CDEE511E9825B1831BF4FC3F6','2F6A74A1A5264BD180C33EF4042D01A5','1D7EA23EA14B4ACDA0A86E36B7E60816'), ('479514C5DEE511E9825B1831BF4FC3F6','2FB26B507924440B968BED4C3A279AEC','1D7EA23EA14B4ACDA0A86E36B7E60816'), ('4795150DDEE511E9825B1831BF4FC3F6','340A8F934ABE4F639D3C1CA6AB1B44BA','1D7EA23EA14B4ACDA0A86E36B7E60816'), ('4795155BDEE511E9825B1831BF4FC3F6','56276AC9D54F419385575967EE088DFB','1D7EA23EA14B4ACDA0A86E36B7E60816'), ('479515A6DEE511E9825B1831BF4FC3F6','5B9A8A91B2FC415F8A66B9C7081FCBCB','1D7EA23EA14B4ACDA0A86E36B7E60816'), ('479515ECDEE511E9825B1831BF4FC3F6','6392E1A6E9094BA0948A2813F6022C9A','1D7EA23EA14B4ACDA0A86E36B7E60816'), ('47951635DEE511E9825B1831BF4FC3F6','6D0D711491F04F09AA763D09298B656E','1D7EA23EA14B4ACDA0A86E36B7E60816'), ('47951680DEE511E9825B1831BF4FC3F6','6E0605969EEB40828396C48E4BEB8FFB','1D7EA23EA14B4ACDA0A86E36B7E60816'), ('479516E1DEE511E9825B1831BF4FC3F6','73EB754BD8D747A78416CF7E7D438C83','1D7EA23EA14B4ACDA0A86E36B7E60816'), ('47951732DEE511E9825B1831BF4FC3F6','753162C366CC4BE8848835083E52A4B8','1D7EA23EA14B4ACDA0A86E36B7E60816'), ('47951778DEE511E9825B1831BF4FC3F6','7E461EBC96B4499791908FF782224708','1D7EA23EA14B4ACDA0A86E36B7E60816'), ('479517C8DEE511E9825B1831BF4FC3F6','7EF45D395B8F4FCE90204753709128B8','1D7EA23EA14B4ACDA0A86E36B7E60816'), ('47951813DEE511E9825B1831BF4FC3F6','7F3E8063D15844D7A7AB27D634842231','1D7EA23EA14B4ACDA0A86E36B7E60816'), ('47951863DEE511E9825B1831BF4FC3F6','81DB2085475F4D8E8277466F8509B872','1D7EA23EA14B4ACDA0A86E36B7E60816'), ('479518A9DEE511E9825B1831BF4FC3F6','8D16516CA9324E0283A37D2EC37689CD','1D7EA23EA14B4ACDA0A86E36B7E60816'), ('479518F2DEE511E9825B1831BF4FC3F6','A08BC6AEE58A448B834DFB9626FBF6BB','1D7EA23EA14B4ACDA0A86E36B7E60816'), ('47951938DEE511E9825B1831BF4FC3F6','A884804E0933486CB3B7ACECB3062CE7','1D7EA23EA14B4ACDA0A86E36B7E60816'), ('47951980DEE511E9825B1831BF4FC3F6','B571E1A529DA4004AEC143B342AC368D','1D7EA23EA14B4ACDA0A86E36B7E60816'), ('479519C9DEE511E9825B1831BF4FC3F6','BAE4E1693142428193B880FBC90730AA','1D7EA23EA14B4ACDA0A86E36B7E60816'), ('47951A1EDEE511E9825B1831BF4FC3F6','C05D281058574E17A832BC914127B8E1','1D7EA23EA14B4ACDA0A86E36B7E60816'), ('47951A69DEE511E9825B1831BF4FC3F6','C67CF8BD12B845C082D559027859CF94','1D7EA23EA14B4ACDA0A86E36B7E60816'), ('47951AB4DEE511E9825B1831BF4FC3F6','C8E8113B021E4D6482C3583F02C8ACD3','1D7EA23EA14B4ACDA0A86E36B7E60816'), ('47951AFADEE511E9825B1831BF4FC3F6','E0551D508FDE487BBE03F34295FC3E9C','1D7EA23EA14B4ACDA0A86E36B7E60816'), ('47951B3EDEE511E9825B1831BF4FC3F6','E056A1AB511742F9AED4D73BB93B7445','1D7EA23EA14B4ACDA0A86E36B7E60816'), ('47951B87DEE511E9825B1831BF4FC3F6','E570CC77D88A40CDB19A038B3142B42F','1D7EA23EA14B4ACDA0A86E36B7E60816'), ('47951BC5DEE511E9825B1831BF4FC3F6','E626977424314A3BB92DA7E2FBE995C2','1D7EA23EA14B4ACDA0A86E36B7E60816'), ('47951C04DEE511E9825B1831BF4FC3F6','ED45759CF5C64CA99752E17ED2D7EDDF','1D7EA23EA14B4ACDA0A86E36B7E60816'), ('47951C47DEE511E9825B1831BF4FC3F6','F3D172411F6F40F683222DD0EA7896BE','1D7EA23EA14B4ACDA0A86E36B7E60816'), ('47951C7FDEE511E9825B1831BF4FC3F6','F565779CF9784C22A04459A61F8AB4F5','1D7EA23EA14B4ACDA0A86E36B7E60816'), ('47951CB8DEE511E9825B1831BF4FC3F6','F71C5AE2F3BA448BA93BA7B85E555152','1D7EA23EA14B4ACDA0A86E36B7E60816'), ('47951CFEDEE511E9825B1831BF4FC3F6','F7E65F4CC1D54D00AFEB8B5440A4AF62','1D7EA23EA14B4ACDA0A86E36B7E60816');
INSERT INTO `sys_user` VALUES ('21E353C97729405AAB346FDDD73C463A','licheng','8c6976e5b5410415bde908bd4dee15dfb167a9c873fc4bb8a81f6f2ab448a918','李成','licheng@zheling.com.cn','18878731941','1','0',NULL,NULL,NULL,'2849FC29AB744B58A5F9BF5FFEBC2AB5','1','B0095B89261A454E8C04A4F57CF9F75D','2019-06-24 09:52:07','B0095B89261A454E8C04A4F57CF9F75D','2019-06-24 09:52:08'), ('B0095B89261A454E8C04A4F57CF9F75D','admin','8c6976e5b5410415bde908bd4dee15dfb167a9c873fc4bb8a81f6f2ab448a918','系统管理员','3144799@qq.com','18577875297','1','0',NULL,'2019-06-21 13:18:32',NULL,'2849FC29AB744B58A5F9BF5FFEBC2AB5','1',NULL,'2019-06-21 13:18:32',NULL,'2019-06-21 13:18:32');
INSERT INTO `sys_user_role` VALUES ('134B0D4A5BFB4C8DA62C1AD21731C817','B0095B89261A454E8C04A4F57CF9F75D','1D7EA23EA14B4ACDA0A86E36B7E60816');
