/*
MySQL Backup
Database: fsoft
Backup Time: 2020-02-14 02:10:39
*/

SET FOREIGN_KEY_CHECKS=0;
DROP TABLE IF EXISTS `fsoft`.`sys_dict`;
DROP TABLE IF EXISTS `fsoft`.`sys_dict_item`;
DROP TABLE IF EXISTS `fsoft`.`sys_log`;
DROP TABLE IF EXISTS `fsoft`.`sys_menu`;
DROP TABLE IF EXISTS `fsoft`.`sys_organize`;
DROP TABLE IF EXISTS `fsoft`.`sys_role`;
DROP TABLE IF EXISTS `fsoft`.`sys_role_menu`;
DROP TABLE IF EXISTS `fsoft`.`sys_user`;
DROP TABLE IF EXISTS `fsoft`.`sys_user_role`;
CREATE TABLE `sys_dict` (
  `RWID` varchar(32) NOT NULL,
  `STD_CODE` varchar(128) NOT NULL COMMENT '字典编码，唯一',
  `STD_NAME` varchar(200) DEFAULT NULL COMMENT '字典名称',
  `dict_type` int(1) DEFAULT NULL COMMENT '字典类型，1：列表，2：树形',
  `status` int(1) DEFAULT NULL COMMENT '状态，0：禁用，1：启用',
  `create_user_id` varchar(32) DEFAULT NULL,
  `create_time` timestamp(3) NULL DEFAULT NULL ON UPDATE CURRENT_TIMESTAMP(3),
  `modify_user_id` varchar(32) DEFAULT NULL,
  `modify_time` timestamp(3) NULL DEFAULT NULL ON UPDATE CURRENT_TIMESTAMP(3),
  PRIMARY KEY (`RWID`) USING BTREE,
  UNIQUE KEY `UK_SYS_DICT_CODE` (`STD_CODE`) USING HASH
) ENGINE=InnoDB DEFAULT CHARSET=utf8 COMMENT='数据字典信息表';
CREATE TABLE `sys_dict_item` (
  `RWID` varchar(32) NOT NULL COMMENT '主键',
  `DICT_ID` varchar(32) DEFAULT NULL COMMENT '字典ID,关联SYS_DICT.RWID',
  `STD_CODE` varchar(128) NOT NULL COMMENT '配置编码',
  `STD_NAME` varchar(200) DEFAULT NULL COMMENT '配置项名称',
  `PARENT_ID` varchar(32) DEFAULT NULL COMMENT '上级配置ID',
  `PARENTS` varchar(500) DEFAULT NULL COMMENT '所有配置项rwid拼接',
  `status` int(1) DEFAULT NULL COMMENT '状态，0：禁用，1：启用',
  `create_user_id` varchar(32) DEFAULT NULL,
  `create_time` timestamp NULL DEFAULT NULL ON UPDATE CURRENT_TIMESTAMP,
  `modify_user_id` varchar(32) DEFAULT NULL,
  `modify_time` timestamp NULL DEFAULT NULL ON UPDATE CURRENT_TIMESTAMP,
  PRIMARY KEY (`RWID`) USING BTREE,
  UNIQUE KEY `UK_DICT_ITEM_CODE` (`DICT_ID`,`STD_CODE`)
) ENGINE=InnoDB DEFAULT CHARSET=utf8 COMMENT='字典配置详情信息表';
CREATE TABLE `sys_log` (
  `id` varchar(32) NOT NULL COMMENT '主键',
  `OPERATE_NAME` varchar(128) DEFAULT NULL COMMENT '用户名',
  `operation` varchar(4000) DEFAULT NULL COMMENT '操作',
  `method` varchar(1024) DEFAULT NULL COMMENT '方法',
  `params` varchar(1000) DEFAULT NULL COMMENT '参数',
  `ip` varchar(64) DEFAULT NULL COMMENT 'ip',
  `remark` varchar(4000) DEFAULT NULL COMMENT '备注',
  `CREATE_USER_ID` varchar(32) DEFAULT NULL COMMENT '创建时间',
  `CREATE_TIME` timestamp NULL DEFAULT NULL ON UPDATE CURRENT_TIMESTAMP,
  PRIMARY KEY (`id`)
) ENGINE=InnoDB DEFAULT CHARSET=utf8 COMMENT='日志信息表';
CREATE TABLE `sys_menu` (
  `RWID` varchar(32) NOT NULL COMMENT '菜单id',
  `STD_CODE` varchar(64) DEFAULT NULL COMMENT '菜单编码',
  `STD_NAME` varchar(50) DEFAULT NULL COMMENT '菜单名称',
  `PARENT_ID` varchar(32) DEFAULT '0' COMMENT '上级id',
  `PARENTS` varchar(500) DEFAULT NULL COMMENT '所有上级菜单ID拼接',
  `ACTION_URL` varchar(1000) DEFAULT NULL COMMENT '菜单地址',
  `PERMS` varchar(256) DEFAULT NULL COMMENT '权限标识',
  `MENU_TYPE` int(1) DEFAULT NULL COMMENT '类型，0：目录，1：菜单，2：按钮，3：其他',
  `ICON` varchar(256) DEFAULT NULL COMMENT '图标',
  `STATUS` int(1) DEFAULT '1' COMMENT '状态，1：启用，0：禁用',
  `SORT_NO` double(19,2) DEFAULT NULL COMMENT '排序',
  `CREATE_USER_ID` varchar(32) DEFAULT NULL,
  `CREATE_TIME` timestamp NULL DEFAULT NULL ON UPDATE CURRENT_TIMESTAMP,
  `MODIFY_USER_ID` varchar(32) DEFAULT NULL,
  `MODIFY_TIME` timestamp NULL DEFAULT NULL ON UPDATE CURRENT_TIMESTAMP,
  PRIMARY KEY (`RWID`)
) ENGINE=InnoDB DEFAULT CHARSET=utf8 COMMENT='菜单信息表';
CREATE TABLE `sys_organize` (
  `RWID` varchar(32) NOT NULL COMMENT '主键',
  `STD_CODE` varchar(32) DEFAULT NULL COMMENT '编码',
  `STD_NAME` varchar(64) DEFAULT NULL COMMENT '名称',
  `parent_id` varchar(32) DEFAULT NULL COMMENT '上级单位ID',
  `parentS` varchar(200) DEFAULT NULL COMMENT '所有上级rwid拼接',
  `SORT_NO` decimal(20,2) DEFAULT NULL COMMENT '排序',
  `STATUS` int(1) DEFAULT '1' COMMENT '状态，1：启用，0：停用',
  `create_user_id` varchar(32) DEFAULT NULL,
  `create_time` timestamp NULL DEFAULT NULL ON UPDATE CURRENT_TIMESTAMP,
  `modify_user_id` varchar(32) DEFAULT NULL,
  `modify_time` timestamp NULL DEFAULT NULL ON UPDATE CURRENT_TIMESTAMP,
  PRIMARY KEY (`RWID`)
) ENGINE=InnoDB DEFAULT CHARSET=utf8;
CREATE TABLE `sys_role` (
  `RWID` varchar(32) NOT NULL COMMENT '角色ID',
  `ROLE_CODE` varchar(64) NOT NULL COMMENT '角色编码',
  `ROLE_NAME` varchar(64) DEFAULT NULL COMMENT '角色名称',
  `REMARK` varchar(512) DEFAULT NULL COMMENT '描述',
  `STATUS` int(1) NOT NULL DEFAULT '1' COMMENT '角色状态，0：禁用，1：正常',
  `IS_SYSTEM` int(1) DEFAULT '0' COMMENT '是否内置角色，1:是，0：否，内置角色不允许删除',
  `create_user_id` varchar(32) DEFAULT NULL,
  `create_time` timestamp NULL DEFAULT NULL ON UPDATE CURRENT_TIMESTAMP,
  `modify_user_id` varchar(32) DEFAULT NULL,
  `modify_time` timestamp NULL DEFAULT NULL ON UPDATE CURRENT_TIMESTAMP,
  PRIMARY KEY (`RWID`)
) ENGINE=InnoDB DEFAULT CHARSET=utf8 COMMENT='角色信息表';
CREATE TABLE `sys_role_menu` (
  `RWID` varchar(32) NOT NULL COMMENT '主键',
  `MENU_ID` varchar(32) NOT NULL COMMENT '菜单id',
  `ROLE_ID` varchar(32) NOT NULL COMMENT '角色id',
  PRIMARY KEY (`RWID`)
) ENGINE=InnoDB DEFAULT CHARSET=utf8 COMMENT='角色权限关系表';
CREATE TABLE `sys_user` (
  `RWID` varchar(32) NOT NULL,
  `LOGIN_ACCT` varchar(64) NOT NULL COMMENT '登录帐号',
  `LOGIN_PWD` varchar(128) DEFAULT NULL COMMENT '登录密码,加密保存',
  `USER_NAME` varchar(62) DEFAULT NULL COMMENT '姓名（中文）',
  `EMAIL` varchar(1024) DEFAULT NULL COMMENT '电子邮件',
  `MOBILE` varchar(16) DEFAULT NULL COMMENT '手机号',
  `STATUS` int(1) NOT NULL DEFAULT '1' COMMENT '状态，1：正常，0：停用/禁用',
  `IS_LOCK` int(1) DEFAULT '0' COMMENT '是否锁定，1：锁定，0：解锁',
  `LOCK_TYPE` int(1) DEFAULT NULL COMMENT '锁定类型，1：登录次数超限制，2：校验密码次数超限制，3：密码过期，4：长期不登录',
  `LOCK_TIME` timestamp NULL DEFAULT NULL ON UPDATE CURRENT_TIMESTAMP,
  `SORT_NO` double(19,2) DEFAULT NULL COMMENT '排序',
  `ORG_ID` varchar(32) DEFAULT NULL COMMENT '单位ID',
  `AREA_ID` varchar(32) DEFAULT NULL COMMENT '地区ID',
  `THEME` varchar(128) DEFAULT 'theme1' COMMENT '皮肤，默认-theme1',
  `CREATE_USER_ID` varchar(32) DEFAULT NULL,
  `CREATE_TIME` timestamp NULL DEFAULT NULL ON UPDATE CURRENT_TIMESTAMP,
  `MODIFY_USER_ID` varchar(32) DEFAULT NULL,
  `MODIFY_TIME` timestamp NULL DEFAULT NULL ON UPDATE CURRENT_TIMESTAMP,
  PRIMARY KEY (`RWID`)
) ENGINE=InnoDB DEFAULT CHARSET=utf8 COMMENT='系统用户表';
CREATE TABLE `sys_user_role` (
  `RWID` varchar(32) NOT NULL,
  `USER_ID` varchar(32) DEFAULT NULL COMMENT '用户ID，关联SYS_USER.RWID',
  `ROLE_ID` varchar(32) DEFAULT NULL COMMENT '角色ID，关联SYS_ROLE.RWID',
  PRIMARY KEY (`RWID`)
) ENGINE=InnoDB DEFAULT CHARSET=utf8;
BEGIN;
LOCK TABLES `fsoft`.`sys_dict` WRITE;
DELETE FROM `fsoft`.`sys_dict`;
INSERT INTO `fsoft`.`sys_dict` (`RWID`,`STD_CODE`,`STD_NAME`,`dict_type`,`status`,`create_user_id`,`create_time`,`modify_user_id`,`modify_time`) VALUES ('9A3A81EC4E4D4D3CAC93CB21A7205E4B', 'XINGB', '性别', 1, 1, NULL, NULL, NULL, NULL);
UNLOCK TABLES;
COMMIT;
BEGIN;
LOCK TABLES `fsoft`.`sys_dict_item` WRITE;
DELETE FROM `fsoft`.`sys_dict_item`;
INSERT INTO `fsoft`.`sys_dict_item` (`RWID`,`DICT_ID`,`STD_CODE`,`STD_NAME`,`PARENT_ID`,`PARENTS`,`status`,`create_user_id`,`create_time`,`modify_user_id`,`modify_time`) VALUES ('06A7F4CBDD4A4AD78EE4143B7AD9A426', '9A3A81EC4E4D4D3CAC93CB21A7205E4B', '0', '男', NULL, NULL, 1, NULL, NULL, NULL, NULL),('0822627E7BF84A3F86BFE4DA10C556D6', '9A3A81EC4E4D4D3CAC93CB21A7205E4B', '1', '女', NULL, NULL, 1, NULL, '2019-09-24 23:14:12', NULL, '2019-09-24 23:14:12');
UNLOCK TABLES;
COMMIT;
BEGIN;
LOCK TABLES `fsoft`.`sys_log` WRITE;
DELETE FROM `fsoft`.`sys_log`;
INSERT INTO `fsoft`.`sys_log` (`id`,`OPERATE_NAME`,`operation`,`method`,`params`,`ip`,`remark`,`CREATE_USER_ID`,`CREATE_TIME`) VALUES ('462D20AB52514797A45BAE0108445D6E', '登录系统', '用户[系统管理员]使用账号[admin]执行操作(登录系统),操作时间:2020-02-14,客户端IP：0:0:0:0:0:0:0:1', 'com.fsoft.manager.shiro.SysLoginController.login()', '{\"captcha\":\"d\",\"password\":\"admin\",\"username\":\"admin\"}', '0:0:0:0:0:0:0:1', '耗时:494ms', 'B0095B89261A454E8C04A4F57CF9F75D', '2020-02-14 01:46:03'),('6F83F33AF23C4DFD8E817CBC589C6579', '新增组织机构', '用户[系统管理员]使用账号[admin]执行操作(新增组织机构),操作时间:2020-02-14,客户端IP：0:0:0:0:0:0:0:1', 'com.fsoft.core.org.controller.SysOrganizeController.save()', '{\"code\":\"admin\",\"createTime\":1581616849676,\"createUserId\":\"B0095B89261A454E8C04A4F57CF9F75D\",\"id\":\"DDABA179992845CF848B881CD6C41454\",\"name\":\"admin\",\"parentId\":\"18BD951082E741CCA689E6F59DF2F81C\",\"parents\":\"1A22736307C011EA810600FFF4B8A342_18BD951082E741CCA689E6F59DF2F81C_DDABA179992845CF848B881CD6C41454\",\"sortNo\":1,\"status\":1}', '0:0:0:0:0:0:0:1', '耗时:57ms', 'B0095B89261A454E8C04A4F57CF9F75D', '2020-02-14 02:00:50'),('700A17A5DB9E418F827F291E36EC38F9', '登录系统', '用户[系统管理员]使用账号[admin]执行操作(登录系统),操作时间:2020-02-14,客户端IP：0:0:0:0:0:0:0:1', 'com.fsoft.manager.shiro.SysLoginController.login()', '{\"captcha\":\"d\",\"password\":\"admin\",\"username\":\"admin\"}', '0:0:0:0:0:0:0:1', '耗时:720ms', 'B0095B89261A454E8C04A4F57CF9F75D', '2020-02-14 01:45:13'),('81E44D2065BD4B5EAD068803EB6090D7', '登录系统', '用户[系统管理员]使用账号[admin]执行操作(登录系统),操作时间:2020-02-14,客户端IP：0:0:0:0:0:0:0:1', 'com.fsoft.manager.shiro.SysLoginController.login()', '{\"captcha\":\"d\",\"password\":\"admin\",\"username\":\"admin\"}', '0:0:0:0:0:0:0:1', '耗时:25ms', 'B0095B89261A454E8C04A4F57CF9F75D', '2020-02-14 01:55:56'),('CC640B321B0F4E4980FFE0BF329339AA', '修改菜单', '用户[系统管理员]使用账号[admin]执行操作(修改菜单),操作时间:2020-02-14,客户端IP：0:0:0:0:0:0:0:1', 'com.fsoft.manager.menu.controller.SysMenuController.modify()', '{\"childrens\":[],\"id\":\"56276AC9D54F419385575967EE088DFB\",\"menuType\":2,\"name\":\"新增\",\"parentId\":\"169C89AC4F5342ED909DF777141C333A\",\"perms\":\"sys:area:add,sys:area:save\",\"sortNo\":2.21}', '0:0:0:0:0:0:0:1', '耗时:25ms', 'B0095B89261A454E8C04A4F57CF9F75D', '2020-02-14 01:59:39');
UNLOCK TABLES;
COMMIT;
BEGIN;
LOCK TABLES `fsoft`.`sys_menu` WRITE;
DELETE FROM `fsoft`.`sys_menu`;
INSERT INTO `fsoft`.`sys_menu` (`RWID`,`STD_CODE`,`STD_NAME`,`PARENT_ID`,`PARENTS`,`ACTION_URL`,`PERMS`,`MENU_TYPE`,`ICON`,`STATUS`,`SORT_NO`,`CREATE_USER_ID`,`CREATE_TIME`,`MODIFY_USER_ID`,`MODIFY_TIME`) VALUES ('11F8038E13BA43EA88C4CBC75A0AB3DF', NULL, '加锁', '157561D5BB17469086FA11638FD16A0D', '2FB26B507924440B968BED4C3A279AEC_157561D5BB17469086FA11638FD16A0D_11F8038E13BA43EA88C4CBC75A0AB3DF', NULL, 'sys:user:lock', 2, NULL, 1, 1.36, NULL, '2020-02-13 23:46:13', NULL, '2020-02-13 23:46:13'),('157561D5BB17469086FA11638FD16A0D', NULL, '用户管理', '2FB26B507924440B968BED4C3A279AEC', '2FB26B507924440B968BED4C3A279AEC_157561D5BB17469086FA11638FD16A0D', '/sys-user/list', 'sys:user:list', 1, 'fa fa-user', 1, 1.30, NULL, '2020-02-13 23:43:36', NULL, '2020-02-13 23:43:36'),('169C89AC4F5342ED909DF777141C333A', NULL, '地区管理', '23EB4B738E954535B3C0DA926B52B6A9', '23EB4B738E954535B3C0DA926B52B6A9_169C89AC4F5342ED909DF777141C333A', '/sys-area/list', '', 1, 'fa fa-area-chart', 1, 2.20, NULL, '2020-02-13 23:35:25', NULL, '2020-02-13 23:35:25'),('1F58D17D42D64FABAA0B1AEFA879AA17', NULL, '启用', 'C67CF8BD12B845C082D559027859CF94', '23EB4B738E954535B3C0DA926B52B6A9_C67CF8BD12B845C082D559027859CF94_1F58D17D42D64FABAA0B1AEFA879AA17', NULL, 'sys:dict:enable', 2, NULL, 1, 2.15, NULL, '2020-02-14 00:07:06', NULL, '2020-02-14 00:07:06'),('23AE57B39FC54AEA8202B0C954A0ABC8', NULL, '删除', '6D0D711491F04F09AA763D09298B656E', '2FB26B507924440B968BED4C3A279AEC_6D0D711491F04F09AA763D09298B656E_23AE57B39FC54AEA8202B0C954A0ABC8', NULL, 'sys:org:remove,sys:org:delete', 2, NULL, 1, 1.04, NULL, '2020-02-13 23:46:57', NULL, '2020-02-13 23:46:57'),('23EB4B738E954535B3C0DA926B52B6A9', NULL, '基础配置', '0', '23EB4B738E954535B3C0DA926B52B6A9', NULL, NULL, 0, 'fa fa-server', 1, 2.00, NULL, '2020-02-13 23:33:08', NULL, '2020-02-13 23:33:08'),('258AD3CB4AD54C9694A38907745CC7AD', NULL, '查看', '6D0D711491F04F09AA763D09298B656E', '2FB26B507924440B968BED4C3A279AEC_6D0D711491F04F09AA763D09298B656E_258AD3CB4AD54C9694A38907745CC7AD', NULL, 'organize:info', 2, NULL, 1, 1.03, NULL, '2020-02-13 23:47:02', NULL, '2020-02-13 23:47:02'),('275DE054E7DB46D79B3981CD4344AA49', NULL, '启用/停用', '157561D5BB17469086FA11638FD16A0D', '2FB26B507924440B968BED4C3A279AEC_157561D5BB17469086FA11638FD16A0D_275DE054E7DB46D79B3981CD4344AA49', NULL, 'sys:user:enable', 2, NULL, 1, 1.33, NULL, '2020-02-13 23:46:17', NULL, '2020-02-13 23:46:17'),('2B173C237AB040F1BF4CF798BFFBD0E4', NULL, '新增', 'C67CF8BD12B845C082D559027859CF94', '23EB4B738E954535B3C0DA926B52B6A9_C67CF8BD12B845C082D559027859CF94_2B173C237AB040F1BF4CF798BFFBD0E4', NULL, 'sys:dict:save', 2, NULL, 1, 2.11, NULL, '2020-02-14 00:07:15', NULL, '2020-02-14 00:07:15'),('2DBEFE4302184B1DBADDA6CDEA44A941', NULL, '查看', '157561D5BB17469086FA11638FD16A0D', '2FB26B507924440B968BED4C3A279AEC_157561D5BB17469086FA11638FD16A0D_2DBEFE4302184B1DBADDA6CDEA44A941', NULL, 'sys:user:list,sys:user:info', 2, NULL, 1, 1.34, NULL, '2020-02-13 23:46:20', NULL, '2020-02-13 23:46:20'),('2F6A74A1A5264BD180C33EF4042D01A5', NULL, '删除', '157561D5BB17469086FA11638FD16A0D', '2FB26B507924440B968BED4C3A279AEC_157561D5BB17469086FA11638FD16A0D_2F6A74A1A5264BD180C33EF4042D01A5', NULL, 'sys:user:remove', 2, NULL, 1, 1.35, NULL, '2020-02-13 23:46:24', NULL, '2020-02-13 23:46:24'),('2FB26B507924440B968BED4C3A279AEC', NULL, '系统管理', '0', '2FB26B507924440B968BED4C3A279AEC', NULL, '', 0, 'fa fa-cogs', 1, 1.00, NULL, '2020-02-13 23:33:28', NULL, '2020-02-13 23:33:28'),('340A8F934ABE4F639D3C1CA6AB1B44BA', NULL, '新增', 'B571E1A529DA4004AEC143B342AC368D', '2FB26B507924440B968BED4C3A279AEC_B571E1A529DA4004AEC143B342AC368D_340A8F934ABE4F639D3C1CA6AB1B44BA', NULL, 'sys:role:add,sys:menu:perms', 2, NULL, 1, 1.21, NULL, '2020-02-13 23:47:54', NULL, '2020-02-13 23:47:54'),('56276AC9D54F419385575967EE088DFB', NULL, '新增', '169C89AC4F5342ED909DF777141C333A', '23EB4B738E954535B3C0DA926B52B6A9_169C89AC4F5342ED909DF777141C333A_56276AC9D54F419385575967EE088DFB', NULL, 'sys:area:add,sys:area:save', 2, NULL, 1, 2.21, NULL, '2020-02-14 01:59:39', NULL, NULL),('5B9A8A91B2FC415F8A66B9C7081FCBCB', NULL, '查看', 'C67CF8BD12B845C082D559027859CF94', '23EB4B738E954535B3C0DA926B52B6A9_C67CF8BD12B845C082D559027859CF94_5B9A8A91B2FC415F8A66B9C7081FCBCB', NULL, 'sys:dict:info', 2, NULL, 1, 2.13, NULL, '2020-02-14 00:07:18', NULL, '2020-02-14 00:07:18'),('6392E1A6E9094BA0948A2813F6022C9A', NULL, '修改', '6D0D711491F04F09AA763D09298B656E', '2FB26B507924440B968BED4C3A279AEC_6D0D711491F04F09AA763D09298B656E_6392E1A6E9094BA0948A2813F6022C9A', NULL, 'sys:org:modify', 2, NULL, 1, 1.02, NULL, '2020-02-13 23:47:07', NULL, '2020-02-13 23:47:07'),('6D0D711491F04F09AA763D09298B656E', NULL, '单位管理', '2FB26B507924440B968BED4C3A279AEC', '2FB26B507924440B968BED4C3A279AEC_6D0D711491F04F09AA763D09298B656E', '/sys-org/list', 'sys:org:list', 1, 'fa fa-users', 1, 1.00, NULL, '2020-02-13 23:43:54', NULL, '2020-02-13 23:43:54'),('6E0605969EEB40828396C48E4BEB8FFB', NULL, '新增', '81DB2085475F4D8E8277466F8509B872', '23EB4B738E954535B3C0DA926B52B6A9_81DB2085475F4D8E8277466F8509B872_6E0605969EEB40828396C48E4BEB8FFB', NULL, 'sys:menu:add', 2, NULL, 1, 1.11, NULL, '2020-02-13 23:40:41', NULL, '2020-02-13 23:40:41'),('73EB754BD8D747A78416CF7E7D438C83', NULL, '系统日志', '2FB26B507924440B968BED4C3A279AEC', '2FB26B507924440B968BED4C3A279AEC_73EB754BD8D747A78416CF7E7D438C83', '/sys/log/list', 'sys:log:list', 1, 'fa fa-file-text-o', 1, 1.40, NULL, '2020-02-13 23:43:59', NULL, '2020-02-13 23:43:59'),('7E461EBC96B4499791908FF782224708', NULL, '删除', '73EB754BD8D747A78416CF7E7D438C83', '2FB26B507924440B968BED4C3A279AEC_73EB754BD8D747A78416CF7E7D438C83_7E461EBC96B4499791908FF782224708', NULL, 'sys:log:remove', 2, 'fa fa-trash', 1, 1.40, NULL, '2020-02-13 23:47:35', NULL, '2020-02-13 23:47:35'),('7EF45D395B8F4FCE90204753709128B8', NULL, '删除', '169C89AC4F5342ED909DF777141C333A', '23EB4B738E954535B3C0DA926B52B6A9_169C89AC4F5342ED909DF777141C333A_7EF45D395B8F4FCE90204753709128B8', NULL, 'area:delete', 2, NULL, 1, 2.23, NULL, '2020-02-13 23:39:07', NULL, '2020-02-13 23:39:07'),('7F3E8063D15844D7A7AB27D634842231', NULL, '新增', '6D0D711491F04F09AA763D09298B656E', '2FB26B507924440B968BED4C3A279AEC_6D0D711491F04F09AA763D09298B656E_7F3E8063D15844D7A7AB27D634842231', NULL, 'sys:org:add,sys:org:save', 2, NULL, 1, 1.01, NULL, '2020-02-13 23:47:13', NULL, '2020-02-13 23:47:13'),('81DB2085475F4D8E8277466F8509B872', NULL, '菜单管理', '23EB4B738E954535B3C0DA926B52B6A9', '23EB4B738E954535B3C0DA926B52B6A9_81DB2085475F4D8E8277466F8509B872', '/sys-menu/list', 'sys:menu:list', 1, 'fa fa-th-list', 1, 1.10, NULL, '2020-02-13 23:35:36', NULL, '2020-02-13 23:35:36'),('8D16516CA9324E0283A37D2EC37689CD', NULL, '解锁', '157561D5BB17469086FA11638FD16A0D', '2FB26B507924440B968BED4C3A279AEC_157561D5BB17469086FA11638FD16A0D_8D16516CA9324E0283A37D2EC37689CD', NULL, 'sys:user:unlock', 2, NULL, 1, 1.37, NULL, '2020-02-13 23:46:27', NULL, '2020-02-13 23:46:27'),('A08BC6AEE58A448B834DFB9626FBF6BB', NULL, '修改', '169C89AC4F5342ED909DF777141C333A', '23EB4B738E954535B3C0DA926B52B6A9_169C89AC4F5342ED909DF777141C333A_A08BC6AEE58A448B834DFB9626FBF6BB', NULL, 'area:update', 2, NULL, 1, 2.24, NULL, '2020-02-13 23:39:12', NULL, '2020-02-13 23:39:12'),('A884804E0933486CB3B7ACECB3062CE7', NULL, '新增', '157561D5BB17469086FA11638FD16A0D', '2FB26B507924440B968BED4C3A279AEC_157561D5BB17469086FA11638FD16A0D_A884804E0933486CB3B7ACECB3062CE7', NULL, 'sys:user:add', 2, NULL, 1, 1.31, NULL, '2020-02-13 23:46:30', NULL, '2020-02-13 23:46:30'),('B571E1A529DA4004AEC143B342AC368D', NULL, '角色管理', '2FB26B507924440B968BED4C3A279AEC', '2FB26B507924440B968BED4C3A279AEC_B571E1A529DA4004AEC143B342AC368D', '/sys-role/list', 'sys:role:list', 1, 'fa fa-user-secret', 1, 1.20, NULL, '2020-02-13 23:44:20', NULL, '2020-02-13 23:44:20'),('BAE4E1693142428193B880FBC90730AA', NULL, '查看', 'B571E1A529DA4004AEC143B342AC368D', '2FB26B507924440B968BED4C3A279AEC_B571E1A529DA4004AEC143B342AC368D_BAE4E1693142428193B880FBC90730AA', NULL, 'sys:role:list,sys:role:info', 2, NULL, 1, 1.23, NULL, '2020-02-13 23:47:59', NULL, '2020-02-13 23:47:59'),('C05D281058574E17A832BC914127B8E1', NULL, '删除', 'B571E1A529DA4004AEC143B342AC368D', '2FB26B507924440B968BED4C3A279AEC_B571E1A529DA4004AEC143B342AC368D_C05D281058574E17A832BC914127B8E1', NULL, 'sys:role:remove', 2, NULL, 1, 1.24, NULL, '2020-02-13 23:48:04', NULL, '2020-02-13 23:48:04'),('C67CF8BD12B845C082D559027859CF94', NULL, '字典管理', '23EB4B738E954535B3C0DA926B52B6A9', '23EB4B738E954535B3C0DA926B52B6A9_C67CF8BD12B845C082D559027859CF94', '/sys-dict/list', 'sys:dict:list', 1, 'fa fa-file-code-o', 1, 2.10, NULL, '2020-02-14 00:06:03', NULL, '2020-02-14 00:06:03'),('C8E8113B021E4D6482C3583F02C8ACD3', NULL, 'sql监控', 'E626977424314A3BB92DA7E2FBE995C2', 'E626977424314A3BB92DA7E2FBE995C2_C8E8113B021E4D6482C3583F02C8ACD3', '/druid/sql.html', NULL, 1, 'fa fa-bar-chart', 1, 3.10, NULL, '2020-02-13 23:49:56', NULL, '2020-02-13 23:49:56'),('E0551D508FDE487BBE03F34295FC3E9C', NULL, '修改', 'C67CF8BD12B845C082D559027859CF94', '23EB4B738E954535B3C0DA926B52B6A9_C67CF8BD12B845C082D559027859CF94_E0551D508FDE487BBE03F34295FC3E9C', NULL, 'sys:dict:edit', 2, NULL, 1, 2.12, NULL, '2020-02-14 00:07:20', NULL, '2020-02-14 00:07:20'),('E056A1AB511742F9AED4D73BB93B7445', NULL, '删除', 'C67CF8BD12B845C082D559027859CF94', '23EB4B738E954535B3C0DA926B52B6A9_C67CF8BD12B845C082D559027859CF94_E056A1AB511742F9AED4D73BB93B7445', NULL, 'sys:dict:remove', 2, NULL, 1, 2.14, NULL, '2020-02-14 00:07:21', NULL, '2020-02-14 00:07:21'),('E570CC77D88A40CDB19A038B3142B42F', NULL, '删除', '81DB2085475F4D8E8277466F8509B872', '23EB4B738E954535B3C0DA926B52B6A9_81DB2085475F4D8E8277466F8509B872_E570CC77D88A40CDB19A038B3142B42F', NULL, 'sys:menu:remove', 2, NULL, 1, 1.14, NULL, '2020-02-13 23:40:48', NULL, '2020-02-13 23:40:48'),('E626977424314A3BB92DA7E2FBE995C2', NULL, '开发工具', '0', 'E626977424314A3BB92DA7E2FBE995C2', NULL, NULL, 0, 'fa fa-th-large', 1, 3.00, NULL, '2020-02-13 23:34:47', NULL, '2020-02-13 23:34:47'),('ED45759CF5C64CA99752E17ED2D7EDDF', NULL, '修改', '81DB2085475F4D8E8277466F8509B872', '23EB4B738E954535B3C0DA926B52B6A9_81DB2085475F4D8E8277466F8509B872_ED45759CF5C64CA99752E17ED2D7EDDF', NULL, 'sys:menu:edit', 2, NULL, 1, 1.12, NULL, '2020-02-13 23:40:52', NULL, '2020-02-13 23:40:52'),('F3D172411F6F40F683222DD0EA7896BE', NULL, '查看', '169C89AC4F5342ED909DF777141C333A', '23EB4B738E954535B3C0DA926B52B6A9_169C89AC4F5342ED909DF777141C333A_F3D172411F6F40F683222DD0EA7896BE', NULL, 'area:list,area:info', 2, NULL, 1, 2.22, NULL, '2020-02-13 23:39:23', NULL, '2020-02-13 23:39:23'),('F565779CF9784C22A04459A61F8AB4F5', NULL, '查看', '81DB2085475F4D8E8277466F8509B872', '23EB4B738E954535B3C0DA926B52B6A9_81DB2085475F4D8E8277466F8509B872_F565779CF9784C22A04459A61F8AB4F5', NULL, 'sys:menu:info', 2, NULL, 1, 1.13, NULL, '2020-02-13 23:41:01', NULL, '2020-02-13 23:41:01'),('F71C5AE2F3BA448BA93BA7B85E555152', NULL, '修改', '157561D5BB17469086FA11638FD16A0D', '2FB26B507924440B968BED4C3A279AEC_157561D5BB17469086FA11638FD16A0D_F71C5AE2F3BA448BA93BA7B85E555152', NULL, 'sys:user:edit', 2, NULL, 1, 1.32, NULL, '2020-02-13 23:46:36', NULL, '2020-02-13 23:46:36'),('F7E65F4CC1D54D00AFEB8B5440A4AF62', NULL, '修改', 'B571E1A529DA4004AEC143B342AC368D', '2FB26B507924440B968BED4C3A279AEC_B571E1A529DA4004AEC143B342AC368D_F7E65F4CC1D54D00AFEB8B5440A4AF62', NULL, 'sys:role:edit,sys:menu:perms', 2, NULL, 1, 1.22, NULL, '2020-02-13 23:48:11', NULL, '2020-02-13 23:48:11'),('FEA06DE81F844E2DA5338A7BA67510DC', NULL, '停用', 'C67CF8BD12B845C082D559027859CF94', '23EB4B738E954535B3C0DA926B52B6A9_C67CF8BD12B845C082D559027859CF94_FEA06DE81F844E2DA5338A7BA67510DC', NULL, 'sys:dict:disable', 2, NULL, 1, 2.16, NULL, '2020-02-14 00:07:26', NULL, '2020-02-14 00:07:26');
UNLOCK TABLES;
COMMIT;
BEGIN;
LOCK TABLES `fsoft`.`sys_organize` WRITE;
DELETE FROM `fsoft`.`sys_organize`;
INSERT INTO `fsoft`.`sys_organize` (`RWID`,`STD_CODE`,`STD_NAME`,`parent_id`,`parentS`,`SORT_NO`,`STATUS`,`create_user_id`,`create_time`,`modify_user_id`,`modify_time`) VALUES ('1283020107C011EA810600FFF4B8A342', '530022', '阿里巴巴', '', '1283020107C011EA810600FFF4B8A342', 1.00, 1, NULL, '2020-02-13 08:51:19', NULL, '2020-02-13 08:51:19'),('18BD951082E741CCA689E6F59DF2F81C', '20200214', '微信', '1A22736307C011EA810600FFF4B8A342', '1A22736307C011EA810600FFF4B8A342_18BD951082E741CCA689E6F59DF2F81C', 2.00, 1, 'B0095B89261A454E8C04A4F57CF9F75D', '2020-02-13 22:55:02', NULL, NULL),('1A22736307C011EA810600FFF4B8A342', '537200', '腾讯', NULL, '1A22736307C011EA810600FFF4B8A342', 2.00, 1, NULL, '2020-02-13 22:35:09', 'B0095B89261A454E8C04A4F57CF9F75D', '2020-02-13 22:35:10'),('1FD6BCF107C011EA810600FFF4B8A342', '537201', '天猫商城', '1283020107C011EA810600FFF4B8A342', '1283020107C011EA810600FFF4B8A342_1FD6BCF107C011EA810600FFF4B8A342', 1.00, 1, NULL, '2020-02-13 10:55:08', 'B0095B89261A454E8C04A4F57CF9F75D', '2020-02-13 10:55:09'),('2849FC29AB744B58A5F9BF5FFEBC2AB5', '000000', '默认单位', NULL, '2849FC29AB744B58A5F9BF5FFEBC2AB5', 0.00, 1, '1', '2020-02-13 10:53:06', 'B0095B89261A454E8C04A4F57CF9F75D', '2020-02-13 10:53:06'),('321877E3D8FF478581F0D711E0DA28B8', '20200213', '王者荣耀', '1A22736307C011EA810600FFF4B8A342', '1A22736307C011EA810600FFF4B8A342_321877E3D8FF478581F0D711E0DA28B8', 1.00, 1, 'B0095B89261A454E8C04A4F57CF9F75D', '2020-02-13 22:54:22', NULL, NULL),('DDABA179992845CF848B881CD6C41454', 'admin', 'admin', '18BD951082E741CCA689E6F59DF2F81C', '1A22736307C011EA810600FFF4B8A342_18BD951082E741CCA689E6F59DF2F81C_DDABA179992845CF848B881CD6C41454', 1.00, 1, 'B0095B89261A454E8C04A4F57CF9F75D', '2020-02-14 02:00:50', NULL, NULL),('E693A1293B694A00A4D59A60C4A7BD85', '123', '支付宝', '1283020107C011EA810600FFF4B8A342', '1283020107C011EA810600FFF4B8A342_E693A1293B694A00A4D59A60C4A7BD85', 2.00, 1, 'B0095B89261A454E8C04A4F57CF9F75D', '2020-02-13 22:48:20', NULL, NULL);
UNLOCK TABLES;
COMMIT;
BEGIN;
LOCK TABLES `fsoft`.`sys_role` WRITE;
DELETE FROM `fsoft`.`sys_role`;
INSERT INTO `fsoft`.`sys_role` (`RWID`,`ROLE_CODE`,`ROLE_NAME`,`REMARK`,`STATUS`,`IS_SYSTEM`,`create_user_id`,`create_time`,`modify_user_id`,`modify_time`) VALUES ('1D7EA23EA14B4ACDA0A86E36B7E60816', 'Administrator', '超级管理员', '系统内置管理员', 1, 1, NULL, '2019-11-01 17:13:17', 'B0095B89261A454E8C04A4F57CF9F75D', '2019-11-01 17:13:17'),('226E284D6091417FBE5D48289971B583', '222', '222', '', 1, 0, 'B0095B89261A454E8C04A4F57CF9F75D', '2020-02-12 23:43:17', 'B0095B89261A454E8C04A4F57CF9F75D', '2020-02-12 23:43:17'),('6982FC3443214BC79502D4154C54B4D1', '32', '23', '', 1, 0, 'B0095B89261A454E8C04A4F57CF9F75D', '2020-02-13 21:23:32', 'B0095B89261A454E8C04A4F57CF9F75D', '2020-02-13 21:23:33'),('84905D3EB4CB4C64870D631D22BBDFA0', 'admin', '系统管理员', '参数配置，权限配置，系统设置的基础管理工作角色', 1, 0, 'B0095B89261A454E8C04A4F57CF9F75D', '2019-11-05 17:19:38', 'B0095B89261A454E8C04A4F57CF9F75D', '2019-11-05 17:19:39');
UNLOCK TABLES;
COMMIT;
BEGIN;
LOCK TABLES `fsoft`.`sys_role_menu` WRITE;
DELETE FROM `fsoft`.`sys_role_menu`;
INSERT INTO `fsoft`.`sys_role_menu` (`RWID`,`MENU_ID`,`ROLE_ID`) VALUES ('05D051364E6411EA853600FFB8AEE050', '2FB26B507924440B968BED4C3A279AEC', '6982FC3443214BC79502D4154C54B4D1'),('05D053784E6411EA853600FFB8AEE050', '157561D5BB17469086FA11638FD16A0D', '6982FC3443214BC79502D4154C54B4D1'),('05D053BB4E6411EA853600FFB8AEE050', '275DE054E7DB46D79B3981CD4344AA49', '6982FC3443214BC79502D4154C54B4D1'),('05D053E94E6411EA853600FFB8AEE050', '2DBEFE4302184B1DBADDA6CDEA44A941', '6982FC3443214BC79502D4154C54B4D1'),('05D054174E6411EA853600FFB8AEE050', '11F8038E13BA43EA88C4CBC75A0AB3DF', '6982FC3443214BC79502D4154C54B4D1'),('05D054484E6411EA853600FFB8AEE050', '8D16516CA9324E0283A37D2EC37689CD', '6982FC3443214BC79502D4154C54B4D1'),('05D054724E6411EA853600FFB8AEE050', '73EB754BD8D747A78416CF7E7D438C83', '6982FC3443214BC79502D4154C54B4D1'),('05D054994E6411EA853600FFB8AEE050', '7E461EBC96B4499791908FF782224708', '6982FC3443214BC79502D4154C54B4D1'),('05D054D94E6411EA853600FFB8AEE050', '23EB4B738E954535B3C0DA926B52B6A9', '6982FC3443214BC79502D4154C54B4D1'),('05D055004E6411EA853600FFB8AEE050', 'C67CF8BD12B845C082D559027859CF94', '6982FC3443214BC79502D4154C54B4D1'),('05D055264E6411EA853600FFB8AEE050', '5B9A8A91B2FC415F8A66B9C7081FCBCB', '6982FC3443214BC79502D4154C54B4D1'),('05D0554D4E6411EA853600FFB8AEE050', 'E056A1AB511742F9AED4D73BB93B7445', '6982FC3443214BC79502D4154C54B4D1'),('05D055744E6411EA853600FFB8AEE050', '1F58D17D42D64FABAA0B1AEFA879AA17', '6982FC3443214BC79502D4154C54B4D1'),('05D0559B4E6411EA853600FFB8AEE050', 'FEA06DE81F844E2DA5338A7BA67510DC', '6982FC3443214BC79502D4154C54B4D1'),('207EA16CB4A844D0BE45406FDE39A829', 'FEA06DE81F844E2DA5338A7BA67510DC', '1D7EA23EA14B4ACDA0A86E36B7E60816'),('27AB06359C404DD99C4F66EBFC59BA3D', '6D24B9CDB60A49268456A84F54F87F7D', '1D7EA23EA14B4ACDA0A86E36B7E60816'),('47950F91DEE511E9825B1831BF4FC3F6', '11F8038E13BA43EA88C4CBC75A0AB3DF', '1D7EA23EA14B4ACDA0A86E36B7E60816'),('47951121DEE511E9825B1831BF4FC3F6', '157561D5BB17469086FA11638FD16A0D', '1D7EA23EA14B4ACDA0A86E36B7E60816'),('479511ABDEE511E9825B1831BF4FC3F6', '169C89AC4F5342ED909DF777141C333A', '1D7EA23EA14B4ACDA0A86E36B7E60816'),('47951205DEE511E9825B1831BF4FC3F6', '23AE57B39FC54AEA8202B0C954A0ABC8', '1D7EA23EA14B4ACDA0A86E36B7E60816'),('479512F0DEE511E9825B1831BF4FC3F6', '23EB4B738E954535B3C0DA926B52B6A9', '1D7EA23EA14B4ACDA0A86E36B7E60816'),('4795134BDEE511E9825B1831BF4FC3F6', '258AD3CB4AD54C9694A38907745CC7AD', '1D7EA23EA14B4ACDA0A86E36B7E60816'),('4795139DDEE511E9825B1831BF4FC3F6', '275DE054E7DB46D79B3981CD4344AA49', '1D7EA23EA14B4ACDA0A86E36B7E60816'),('479513E1DEE511E9825B1831BF4FC3F6', '2B173C237AB040F1BF4CF798BFFBD0E4', '1D7EA23EA14B4ACDA0A86E36B7E60816'),('47951436DEE511E9825B1831BF4FC3F6', '2DBEFE4302184B1DBADDA6CDEA44A941', '1D7EA23EA14B4ACDA0A86E36B7E60816'),('4795147CDEE511E9825B1831BF4FC3F6', '2F6A74A1A5264BD180C33EF4042D01A5', '1D7EA23EA14B4ACDA0A86E36B7E60816'),('479514C5DEE511E9825B1831BF4FC3F6', '2FB26B507924440B968BED4C3A279AEC', '1D7EA23EA14B4ACDA0A86E36B7E60816'),('4795150DDEE511E9825B1831BF4FC3F6', '340A8F934ABE4F639D3C1CA6AB1B44BA', '1D7EA23EA14B4ACDA0A86E36B7E60816'),('4795155BDEE511E9825B1831BF4FC3F6', '56276AC9D54F419385575967EE088DFB', '1D7EA23EA14B4ACDA0A86E36B7E60816'),('479515A6DEE511E9825B1831BF4FC3F6', '5B9A8A91B2FC415F8A66B9C7081FCBCB', '1D7EA23EA14B4ACDA0A86E36B7E60816'),('479515ECDEE511E9825B1831BF4FC3F6', '6392E1A6E9094BA0948A2813F6022C9A', '1D7EA23EA14B4ACDA0A86E36B7E60816'),('47951635DEE511E9825B1831BF4FC3F6', '6D0D711491F04F09AA763D09298B656E', '1D7EA23EA14B4ACDA0A86E36B7E60816'),('47951680DEE511E9825B1831BF4FC3F6', '6E0605969EEB40828396C48E4BEB8FFB', '1D7EA23EA14B4ACDA0A86E36B7E60816'),('479516E1DEE511E9825B1831BF4FC3F6', '73EB754BD8D747A78416CF7E7D438C83', '1D7EA23EA14B4ACDA0A86E36B7E60816'),('47951732DEE511E9825B1831BF4FC3F6', '753162C366CC4BE8848835083E52A4B8', '1D7EA23EA14B4ACDA0A86E36B7E60816'),('47951778DEE511E9825B1831BF4FC3F6', '7E461EBC96B4499791908FF782224708', '1D7EA23EA14B4ACDA0A86E36B7E60816'),('479517C8DEE511E9825B1831BF4FC3F6', '7EF45D395B8F4FCE90204753709128B8', '1D7EA23EA14B4ACDA0A86E36B7E60816'),('47951813DEE511E9825B1831BF4FC3F6', '7F3E8063D15844D7A7AB27D634842231', '1D7EA23EA14B4ACDA0A86E36B7E60816'),('47951863DEE511E9825B1831BF4FC3F6', '81DB2085475F4D8E8277466F8509B872', '1D7EA23EA14B4ACDA0A86E36B7E60816'),('479518A9DEE511E9825B1831BF4FC3F6', '8D16516CA9324E0283A37D2EC37689CD', '1D7EA23EA14B4ACDA0A86E36B7E60816'),('479518F2DEE511E9825B1831BF4FC3F6', 'A08BC6AEE58A448B834DFB9626FBF6BB', '1D7EA23EA14B4ACDA0A86E36B7E60816'),('47951938DEE511E9825B1831BF4FC3F6', 'A884804E0933486CB3B7ACECB3062CE7', '1D7EA23EA14B4ACDA0A86E36B7E60816'),('47951980DEE511E9825B1831BF4FC3F6', 'B571E1A529DA4004AEC143B342AC368D', '1D7EA23EA14B4ACDA0A86E36B7E60816'),('479519C9DEE511E9825B1831BF4FC3F6', 'BAE4E1693142428193B880FBC90730AA', '1D7EA23EA14B4ACDA0A86E36B7E60816'),('47951A1EDEE511E9825B1831BF4FC3F6', 'C05D281058574E17A832BC914127B8E1', '1D7EA23EA14B4ACDA0A86E36B7E60816'),('47951A69DEE511E9825B1831BF4FC3F6', 'C67CF8BD12B845C082D559027859CF94', '1D7EA23EA14B4ACDA0A86E36B7E60816'),('47951AB4DEE511E9825B1831BF4FC3F6', 'C8E8113B021E4D6482C3583F02C8ACD3', '1D7EA23EA14B4ACDA0A86E36B7E60816'),('47951AFADEE511E9825B1831BF4FC3F6', 'E0551D508FDE487BBE03F34295FC3E9C', '1D7EA23EA14B4ACDA0A86E36B7E60816'),('47951B3EDEE511E9825B1831BF4FC3F6', 'E056A1AB511742F9AED4D73BB93B7445', '1D7EA23EA14B4ACDA0A86E36B7E60816'),('47951B87DEE511E9825B1831BF4FC3F6', 'E570CC77D88A40CDB19A038B3142B42F', '1D7EA23EA14B4ACDA0A86E36B7E60816'),('47951BC5DEE511E9825B1831BF4FC3F6', 'E626977424314A3BB92DA7E2FBE995C2', '1D7EA23EA14B4ACDA0A86E36B7E60816'),('47951C04DEE511E9825B1831BF4FC3F6', 'ED45759CF5C64CA99752E17ED2D7EDDF', '1D7EA23EA14B4ACDA0A86E36B7E60816'),('47951C47DEE511E9825B1831BF4FC3F6', 'F3D172411F6F40F683222DD0EA7896BE', '1D7EA23EA14B4ACDA0A86E36B7E60816'),('47951C7FDEE511E9825B1831BF4FC3F6', 'F565779CF9784C22A04459A61F8AB4F5', '1D7EA23EA14B4ACDA0A86E36B7E60816'),('47951CB8DEE511E9825B1831BF4FC3F6', 'F71C5AE2F3BA448BA93BA7B85E555152', '1D7EA23EA14B4ACDA0A86E36B7E60816'),('47951CFEDEE511E9825B1831BF4FC3F6', 'F7E65F4CC1D54D00AFEB8B5440A4AF62', '1D7EA23EA14B4ACDA0A86E36B7E60816'),('5B8B6C71BA33452592E538BA0271D25F', '1F58D17D42D64FABAA0B1AEFA879AA17', '1D7EA23EA14B4ACDA0A86E36B7E60816'),('623710414DAE11EA853600FFB8AEE050', '2FB26B507924440B968BED4C3A279AEC', '226E284D6091417FBE5D48289971B583'),('62372FF64DAE11EA853600FFB8AEE050', '157561D5BB17469086FA11638FD16A0D', '226E284D6091417FBE5D48289971B583'),('6237312D4DAE11EA853600FFB8AEE050', 'A884804E0933486CB3B7ACECB3062CE7', '226E284D6091417FBE5D48289971B583'),('623731964DAE11EA853600FFB8AEE050', 'F71C5AE2F3BA448BA93BA7B85E555152', '226E284D6091417FBE5D48289971B583'),('623731EF4DAE11EA853600FFB8AEE050', '275DE054E7DB46D79B3981CD4344AA49', '226E284D6091417FBE5D48289971B583'),('623732554DAE11EA853600FFB8AEE050', '2DBEFE4302184B1DBADDA6CDEA44A941', '226E284D6091417FBE5D48289971B583'),('623732A24DAE11EA853600FFB8AEE050', '2F6A74A1A5264BD180C33EF4042D01A5', '226E284D6091417FBE5D48289971B583'),('623732E24DAE11EA853600FFB8AEE050', '11F8038E13BA43EA88C4CBC75A0AB3DF', '226E284D6091417FBE5D48289971B583'),('623733214DAE11EA853600FFB8AEE050', '8D16516CA9324E0283A37D2EC37689CD', '226E284D6091417FBE5D48289971B583'),('66D982E05B244B01A6D0EDD4C0038F13', '917227B792924E92BBB25928376EEDF4', '1D7EA23EA14B4ACDA0A86E36B7E60816'),('76A676E291AA47F1B80F90234AC1D904', '88C67864BD80492C8666AE2AC8D145DB', '1D7EA23EA14B4ACDA0A86E36B7E60816'),('84C02B299196414A83B5A0DBAE2B4E07', '7628F8D9E1F54E15AB24D4F42F828298', '1D7EA23EA14B4ACDA0A86E36B7E60816'),('C27BEAE7FFAD11E99D3E00FFF4B8A342', '2FB26B507924440B968BED4C3A279AEC', '84905D3EB4CB4C64870D631D22BBDFA0'),('C27BFDCCFFAD11E99D3E00FFF4B8A342', '6D0D711491F04F09AA763D09298B656E', '84905D3EB4CB4C64870D631D22BBDFA0'),('C27BFE3AFFAD11E99D3E00FFF4B8A342', '7F3E8063D15844D7A7AB27D634842231', '84905D3EB4CB4C64870D631D22BBDFA0'),('C27BFE7EFFAD11E99D3E00FFF4B8A342', '6392E1A6E9094BA0948A2813F6022C9A', '84905D3EB4CB4C64870D631D22BBDFA0'),('C27BFECEFFAD11E99D3E00FFF4B8A342', '258AD3CB4AD54C9694A38907745CC7AD', '84905D3EB4CB4C64870D631D22BBDFA0'),('C27BFF14FFAD11E99D3E00FFF4B8A342', '23AE57B39FC54AEA8202B0C954A0ABC8', '84905D3EB4CB4C64870D631D22BBDFA0'),('C27BFF89FFAD11E99D3E00FFF4B8A342', '81DB2085475F4D8E8277466F8509B872', '84905D3EB4CB4C64870D631D22BBDFA0'),('C27BFFCDFFAD11E99D3E00FFF4B8A342', '6E0605969EEB40828396C48E4BEB8FFB', '84905D3EB4CB4C64870D631D22BBDFA0'),('C27C0007FFAD11E99D3E00FFF4B8A342', 'ED45759CF5C64CA99752E17ED2D7EDDF', '84905D3EB4CB4C64870D631D22BBDFA0'),('C27C0043FFAD11E99D3E00FFF4B8A342', 'F565779CF9784C22A04459A61F8AB4F5', '84905D3EB4CB4C64870D631D22BBDFA0'),('C27C007FFFAD11E99D3E00FFF4B8A342', 'E570CC77D88A40CDB19A038B3142B42F', '84905D3EB4CB4C64870D631D22BBDFA0'),('C27C00C7FFAD11E99D3E00FFF4B8A342', 'B571E1A529DA4004AEC143B342AC368D', '84905D3EB4CB4C64870D631D22BBDFA0'),('C27C0106FFAD11E99D3E00FFF4B8A342', '340A8F934ABE4F639D3C1CA6AB1B44BA', '84905D3EB4CB4C64870D631D22BBDFA0'),('C27C0145FFAD11E99D3E00FFF4B8A342', 'F7E65F4CC1D54D00AFEB8B5440A4AF62', '84905D3EB4CB4C64870D631D22BBDFA0'),('C27C0190FFAD11E99D3E00FFF4B8A342', 'BAE4E1693142428193B880FBC90730AA', '84905D3EB4CB4C64870D631D22BBDFA0'),('C27C01CEFFAD11E99D3E00FFF4B8A342', 'C05D281058574E17A832BC914127B8E1', '84905D3EB4CB4C64870D631D22BBDFA0'),('C27C020DFFAD11E99D3E00FFF4B8A342', '157561D5BB17469086FA11638FD16A0D', '84905D3EB4CB4C64870D631D22BBDFA0'),('C27C0253FFAD11E99D3E00FFF4B8A342', 'A884804E0933486CB3B7ACECB3062CE7', '84905D3EB4CB4C64870D631D22BBDFA0'),('C27C0292FFAD11E99D3E00FFF4B8A342', 'F71C5AE2F3BA448BA93BA7B85E555152', '84905D3EB4CB4C64870D631D22BBDFA0'),('C27C02D5FFAD11E99D3E00FFF4B8A342', '275DE054E7DB46D79B3981CD4344AA49', '84905D3EB4CB4C64870D631D22BBDFA0'),('C27C0314FFAD11E99D3E00FFF4B8A342', '2DBEFE4302184B1DBADDA6CDEA44A941', '84905D3EB4CB4C64870D631D22BBDFA0'),('C27C037DFFAD11E99D3E00FFF4B8A342', '2F6A74A1A5264BD180C33EF4042D01A5', '84905D3EB4CB4C64870D631D22BBDFA0'),('C27C0468FFAD11E99D3E00FFF4B8A342', '11F8038E13BA43EA88C4CBC75A0AB3DF', '84905D3EB4CB4C64870D631D22BBDFA0'),('C27C04BDFFAD11E99D3E00FFF4B8A342', '8D16516CA9324E0283A37D2EC37689CD', '84905D3EB4CB4C64870D631D22BBDFA0'),('C27C0504FFAD11E99D3E00FFF4B8A342', '73EB754BD8D747A78416CF7E7D438C83', '84905D3EB4CB4C64870D631D22BBDFA0'),('C27C0787FFAD11E99D3E00FFF4B8A342', '7E461EBC96B4499791908FF782224708', '84905D3EB4CB4C64870D631D22BBDFA0'),('C34D8E4172BC4ECABF47753F924128DE', 'DBD07104BC884D8FB2145FFDF2489EF1', '1D7EA23EA14B4ACDA0A86E36B7E60816');
UNLOCK TABLES;
COMMIT;
BEGIN;
LOCK TABLES `fsoft`.`sys_user` WRITE;
DELETE FROM `fsoft`.`sys_user`;
INSERT INTO `fsoft`.`sys_user` (`RWID`,`LOGIN_ACCT`,`LOGIN_PWD`,`USER_NAME`,`EMAIL`,`MOBILE`,`STATUS`,`IS_LOCK`,`LOCK_TYPE`,`LOCK_TIME`,`SORT_NO`,`ORG_ID`,`AREA_ID`,`THEME`,`CREATE_USER_ID`,`CREATE_TIME`,`MODIFY_USER_ID`,`MODIFY_TIME`) VALUES ('039C674166F744CBA0F6CCF3DCEC9F79', 'dev', '8c6976e5b5410415bde908bd4dee15dfb167a9c873fc4bb8a81f6f2ab448a918', 'admin', '123@qq.com', '18900001111', 1, 1, 0, '2020-02-13 08:07:51', NULL, '1A22736307C011EA810600FFF4B8A342', '1', NULL, 'B0095B89261A454E8C04A4F57CF9F75D', '2020-02-13 08:07:51', 'B0095B89261A454E8C04A4F57CF9F75D', '2020-02-13 08:07:51'),('063171C2F58D4700A385B217175CB20B', '23', '8c6976e5b5410415bde908bd4dee15dfb167a9c873fc4bb8a81f6f2ab448a918', 'admin', '23000@qq.com', '18900000000', 1, 0, NULL, NULL, NULL, '2849FC29AB744B58A5F9BF5FFEBC2AB5', '1', NULL, 'B0095B89261A454E8C04A4F57CF9F75D', '2020-02-13 21:20:43', NULL, NULL),('B0095B89261A454E8C04A4F57CF9F75D', 'admin', '8c6976e5b5410415bde908bd4dee15dfb167a9c873fc4bb8a81f6f2ab448a918', '系统管理员', 'it.fish2010@foxmail.com', '18900000000', 1, 0, NULL, '2020-02-13 08:07:51', NULL, '2849FC29AB744B58A5F9BF5FFEBC2AB5', '1', NULL, NULL, '2020-02-13 08:07:51', 'B0095B89261A454E8C04A4F57CF9F75D', '2020-02-13 08:07:51'),('D374A701CC8443048D13C8694D42CB9C', 'licheng', 'b1170b38bb56dbd5cfc835f7b4fd7ce91c60a8443ac6116b79264a813f586982', '张三', 'it@qq.com', '18900001111', 1, 0, NULL, NULL, NULL, '1283020107C011EA810600FFF4B8A342', '1', NULL, 'B0095B89261A454E8C04A4F57CF9F75D', '2020-02-13 21:22:10', 'B0095B89261A454E8C04A4F57CF9F75D', '2020-02-13 21:22:10');
UNLOCK TABLES;
COMMIT;
BEGIN;
LOCK TABLES `fsoft`.`sys_user_role` WRITE;
DELETE FROM `fsoft`.`sys_user_role`;
INSERT INTO `fsoft`.`sys_user_role` (`RWID`,`USER_ID`,`ROLE_ID`) VALUES ('1C44964BFFAF11E99D3E00FFF4B8A342', '21E353C97729405AAB346FDDD73C463A', '84905D3EB4CB4C64870D631D22BBDFA0'),('A0AAB7974E6311EA853600FFB8AEE050', '063171C2F58D4700A385B217175CB20B', '226E284D6091417FBE5D48289971B583'),('BAA96B6F4E6311EA853600FFB8AEE050', 'D374A701CC8443048D13C8694D42CB9C', '6982FC3443214BC79502D4154C54B4D1'),('E86012D44DF311EA853600FFB8AEE050', '039C674166F744CBA0F6CCF3DCEC9F79', '6982FC3443214BC79502D4154C54B4D1'),('F9CAC8254DF311EA853600FFB8AEE050', 'B0095B89261A454E8C04A4F57CF9F75D', '1D7EA23EA14B4ACDA0A86E36B7E60816');
UNLOCK TABLES;
COMMIT;
