/*
MySQL Backup
Database: fsoft
Backup Time: 2020-02-16 01:21:38
*/

SET FOREIGN_KEY_CHECKS=0;
DROP TABLE IF EXISTS `fsoft`.`sys_area`;
DROP TABLE IF EXISTS `fsoft`.`sys_dict`;
DROP TABLE IF EXISTS `fsoft`.`sys_dict_item`;
DROP TABLE IF EXISTS `fsoft`.`sys_log`;
DROP TABLE IF EXISTS `fsoft`.`sys_menu`;
DROP TABLE IF EXISTS `fsoft`.`sys_organize`;
DROP TABLE IF EXISTS `fsoft`.`sys_role`;
DROP TABLE IF EXISTS `fsoft`.`sys_role_menu`;
DROP TABLE IF EXISTS `fsoft`.`sys_user`;
DROP TABLE IF EXISTS `fsoft`.`sys_user_role`;
CREATE TABLE `sys_area` (
  `RWID` varchar(32) NOT NULL,
  `STD_CODE` varchar(64) DEFAULT NULL COMMENT '编码',
  `STD_NAME` varchar(64) DEFAULT NULL COMMENT '名称',
  `PARENT_ID` varchar(32) DEFAULT NULL COMMENT '上级地区ID',
  `PARENTS` varchar(128) DEFAULT NULL,
  `SORT_NO` decimal(19,4) DEFAULT NULL COMMENT '排序',
  `STATUS` int(1) DEFAULT NULL COMMENT '状态，1：启用，0：禁用',
  `IS_CITY` int(1) DEFAULT NULL COMMENT '是否城市，0：否，1：是',
  `POST_CODE` varchar(16) DEFAULT NULL COMMENT '邮政编码',
  `AREA_CODE` varchar(16) DEFAULT NULL COMMENT '区号，如：010',
  `CREATE_USER_ID` varchar(32) DEFAULT NULL,
  `CREATE_TIME` timestamp NULL DEFAULT NULL ON UPDATE CURRENT_TIMESTAMP,
  `MODIFY_USER_ID` varchar(255) DEFAULT NULL,
  `MODIFY_TIME` timestamp NULL DEFAULT NULL ON UPDATE CURRENT_TIMESTAMP,
  PRIMARY KEY (`RWID`)
) ENGINE=InnoDB DEFAULT CHARSET=utf8 COMMENT='地区信息表';
CREATE TABLE `sys_dict` (
  `RWID` varchar(32) NOT NULL,
  `STD_CODE` varchar(128) NOT NULL COMMENT '字典编码，唯一',
  `STD_NAME` varchar(200) DEFAULT NULL COMMENT '字典名称',
  `dict_type` int(1) DEFAULT NULL COMMENT '字典类型，1：列表，2：树形',
  `status` int(1) DEFAULT NULL COMMENT '状态，0：禁用，1：启用',
  `create_user_id` varchar(32) DEFAULT NULL,
  `create_time` timestamp(3) NULL DEFAULT NULL ON UPDATE CURRENT_TIMESTAMP(3),
  `modify_user_id` varchar(32) DEFAULT NULL,
  `modify_time` timestamp(3) NULL DEFAULT NULL ON UPDATE CURRENT_TIMESTAMP(3),
  PRIMARY KEY (`RWID`) USING BTREE,
  UNIQUE KEY `UK_SYS_DICT_CODE` (`STD_CODE`) USING HASH
) ENGINE=InnoDB DEFAULT CHARSET=utf8 COMMENT='数据字典信息表';
CREATE TABLE `sys_dict_item` (
  `RWID` varchar(32) NOT NULL COMMENT '主键',
  `DICT_ID` varchar(32) DEFAULT NULL COMMENT '字典ID,关联SYS_DICT.RWID',
  `STD_CODE` varchar(128) NOT NULL COMMENT '配置编码',
  `STD_NAME` varchar(200) DEFAULT NULL COMMENT '配置项名称',
  `PARENT_ID` varchar(32) DEFAULT NULL COMMENT '上级配置ID',
  `PARENTS` varchar(500) DEFAULT NULL COMMENT '所有配置项rwid拼接',
  `status` int(1) DEFAULT NULL COMMENT '状态，0：禁用，1：启用',
  `create_user_id` varchar(32) DEFAULT NULL,
  `create_time` timestamp NULL DEFAULT NULL ON UPDATE CURRENT_TIMESTAMP,
  `modify_user_id` varchar(32) DEFAULT NULL,
  `modify_time` timestamp NULL DEFAULT NULL ON UPDATE CURRENT_TIMESTAMP,
  PRIMARY KEY (`RWID`) USING BTREE,
  UNIQUE KEY `UK_DICT_ITEM_CODE` (`DICT_ID`,`STD_CODE`)
) ENGINE=InnoDB DEFAULT CHARSET=utf8 COMMENT='字典配置详情信息表';
CREATE TABLE `sys_log` (
  `id` varchar(32) NOT NULL COMMENT '主键',
  `OPERATE_NAME` varchar(128) DEFAULT NULL COMMENT '用户名',
  `operation` varchar(4000) DEFAULT NULL COMMENT '操作',
  `method` varchar(1024) DEFAULT NULL COMMENT '方法',
  `params` varchar(1000) DEFAULT NULL COMMENT '参数',
  `ip` varchar(64) DEFAULT NULL COMMENT 'ip',
  `remark` varchar(4000) DEFAULT NULL COMMENT '备注',
  `CREATE_USER_ID` varchar(32) DEFAULT NULL COMMENT '创建时间',
  `CREATE_TIME` timestamp NULL DEFAULT NULL ON UPDATE CURRENT_TIMESTAMP,
  PRIMARY KEY (`id`)
) ENGINE=InnoDB DEFAULT CHARSET=utf8 COMMENT='日志信息表';
CREATE TABLE `sys_menu` (
  `RWID` varchar(32) NOT NULL COMMENT '菜单id',
  `STD_CODE` varchar(64) DEFAULT NULL COMMENT '菜单编码',
  `STD_NAME` varchar(50) DEFAULT NULL COMMENT '菜单名称',
  `PARENT_ID` varchar(32) DEFAULT '0' COMMENT '上级id',
  `PARENTS` varchar(500) DEFAULT NULL COMMENT '所有上级菜单ID拼接',
  `ACTION_URL` varchar(1000) DEFAULT NULL COMMENT '菜单地址',
  `PERMS` varchar(256) DEFAULT NULL COMMENT '权限标识',
  `MENU_TYPE` int(1) DEFAULT NULL COMMENT '类型，0：目录，1：菜单，2：按钮，3：其他',
  `ICON` varchar(256) DEFAULT NULL COMMENT '图标',
  `STATUS` int(1) DEFAULT '1' COMMENT '状态，1：启用，0：禁用',
  `SORT_NO` double(19,2) DEFAULT NULL COMMENT '排序',
  `CREATE_USER_ID` varchar(32) DEFAULT NULL,
  `CREATE_TIME` timestamp NULL DEFAULT NULL ON UPDATE CURRENT_TIMESTAMP,
  `MODIFY_USER_ID` varchar(32) DEFAULT NULL,
  `MODIFY_TIME` timestamp NULL DEFAULT NULL ON UPDATE CURRENT_TIMESTAMP,
  PRIMARY KEY (`RWID`)
) ENGINE=InnoDB DEFAULT CHARSET=utf8 COMMENT='菜单信息表';
CREATE TABLE `sys_organize` (
  `RWID` varchar(32) NOT NULL COMMENT '主键',
  `STD_CODE` varchar(32) DEFAULT NULL COMMENT '编码',
  `STD_NAME` varchar(64) DEFAULT NULL COMMENT '名称',
  `parent_id` varchar(32) DEFAULT NULL COMMENT '上级单位ID',
  `parentS` varchar(200) DEFAULT NULL COMMENT '所有上级rwid拼接',
  `SORT_NO` decimal(20,2) DEFAULT NULL COMMENT '排序',
  `STATUS` int(1) DEFAULT '1' COMMENT '状态，1：启用，0：停用',
  `create_user_id` varchar(32) DEFAULT NULL,
  `create_time` timestamp NULL DEFAULT NULL ON UPDATE CURRENT_TIMESTAMP,
  `modify_user_id` varchar(32) DEFAULT NULL,
  `modify_time` timestamp NULL DEFAULT NULL ON UPDATE CURRENT_TIMESTAMP,
  PRIMARY KEY (`RWID`)
) ENGINE=InnoDB DEFAULT CHARSET=utf8;
CREATE TABLE `sys_role` (
  `RWID` varchar(32) NOT NULL COMMENT '角色ID',
  `ROLE_CODE` varchar(64) NOT NULL COMMENT '角色编码',
  `ROLE_NAME` varchar(64) DEFAULT NULL COMMENT '角色名称',
  `REMARK` varchar(512) DEFAULT NULL COMMENT '描述',
  `STATUS` int(1) NOT NULL DEFAULT '1' COMMENT '角色状态，0：禁用，1：正常',
  `IS_SYSTEM` int(1) DEFAULT '0' COMMENT '是否内置角色，1:是，0：否，内置角色不允许删除',
  `create_user_id` varchar(32) DEFAULT NULL,
  `create_time` timestamp NULL DEFAULT NULL ON UPDATE CURRENT_TIMESTAMP,
  `modify_user_id` varchar(32) DEFAULT NULL,
  `modify_time` timestamp NULL DEFAULT NULL ON UPDATE CURRENT_TIMESTAMP,
  PRIMARY KEY (`RWID`)
) ENGINE=InnoDB DEFAULT CHARSET=utf8 COMMENT='角色信息表';
CREATE TABLE `sys_role_menu` (
  `RWID` varchar(32) NOT NULL COMMENT '主键',
  `MENU_ID` varchar(32) NOT NULL COMMENT '菜单id',
  `ROLE_ID` varchar(32) NOT NULL COMMENT '角色id',
  PRIMARY KEY (`RWID`)
) ENGINE=InnoDB DEFAULT CHARSET=utf8 COMMENT='角色权限关系表';
CREATE TABLE `sys_user` (
  `RWID` varchar(32) NOT NULL,
  `LOGIN_ACCT` varchar(64) NOT NULL COMMENT '登录帐号',
  `LOGIN_PWD` varchar(128) DEFAULT NULL COMMENT '登录密码,加密保存',
  `USER_NAME` varchar(62) DEFAULT NULL COMMENT '姓名（中文）',
  `EMAIL` varchar(1024) DEFAULT NULL COMMENT '电子邮件',
  `MOBILE` varchar(16) DEFAULT NULL COMMENT '手机号',
  `STATUS` int(1) NOT NULL DEFAULT '1' COMMENT '状态，1：正常，0：停用/禁用',
  `IS_LOCK` int(1) DEFAULT '0' COMMENT '是否锁定，1：锁定，0：解锁',
  `LOCK_TYPE` int(1) DEFAULT NULL COMMENT '锁定类型，1：登录次数超限制，2：校验密码次数超限制，3：密码过期，4：长期不登录',
  `LOCK_TIME` timestamp NULL DEFAULT NULL ON UPDATE CURRENT_TIMESTAMP,
  `SORT_NO` double(19,2) DEFAULT NULL COMMENT '排序',
  `ORG_ID` varchar(32) DEFAULT NULL COMMENT '单位ID',
  `AREA_ID` varchar(32) DEFAULT NULL COMMENT '地区ID',
  `THEME` varchar(128) DEFAULT 'theme1' COMMENT '皮肤，默认-theme1',
  `IMG_PATH` varchar(1000) DEFAULT NULL COMMENT '头像地址',
  `CREATE_USER_ID` varchar(32) DEFAULT NULL,
  `CREATE_TIME` timestamp NULL DEFAULT NULL ON UPDATE CURRENT_TIMESTAMP,
  `MODIFY_USER_ID` varchar(32) DEFAULT NULL,
  `MODIFY_TIME` timestamp NULL DEFAULT NULL ON UPDATE CURRENT_TIMESTAMP,
  PRIMARY KEY (`RWID`)
) ENGINE=InnoDB DEFAULT CHARSET=utf8 COMMENT='系统用户表';
CREATE TABLE `sys_user_role` (
  `RWID` varchar(32) NOT NULL,
  `USER_ID` varchar(32) DEFAULT NULL COMMENT '用户ID，关联SYS_USER.RWID',
  `ROLE_ID` varchar(32) DEFAULT NULL COMMENT '角色ID，关联SYS_ROLE.RWID',
  PRIMARY KEY (`RWID`)
) ENGINE=InnoDB DEFAULT CHARSET=utf8;
BEGIN;
LOCK TABLES `fsoft`.`sys_area` WRITE;
DELETE FROM `fsoft`.`sys_area`;
INSERT INTO `fsoft`.`sys_area` (`RWID`,`STD_CODE`,`STD_NAME`,`PARENT_ID`,`PARENTS`,`SORT_NO`,`STATUS`,`IS_CITY`,`POST_CODE`,`AREA_CODE`,`CREATE_USER_ID`,`CREATE_TIME`,`MODIFY_USER_ID`,`MODIFY_TIME`) VALUES ('09EA16AF8DF44DDAA65A7F2548E326B1', '1', '东城区', '88F3ED7541EA441585427A0CB94CE2D3', '88F3ED7541EA441585427A0CB94CE2D3_09EA16AF8DF44DDAA65A7F2548E326B1', 2.0000, 1, 0, '', '', 'B0095B89261A454E8C04A4F57CF9F75D', '2020-02-16 00:20:42', NULL, NULL),('6FED5808FD0C494A8966878B67A12834', '110000', '北京市区', '88F3ED7541EA441585427A0CB94CE2D3', '88F3ED7541EA441585427A0CB94CE2D3_6FED5808FD0C494A8966878B67A12834', 1.0000, 1, 0, '010', '100000', 'B0095B89261A454E8C04A4F57CF9F75D', '2020-02-16 00:18:25', 'B0095B89261A454E8C04A4F57CF9F75D', '2020-02-16 00:18:25'),('88F3ED7541EA441585427A0CB94CE2D3', '110000', '北京', '', '88F3ED7541EA441585427A0CB94CE2D3', 1.0000, 1, 0, '020', NULL, 'B0095B89261A454E8C04A4F57CF9F75D', '2020-02-16 00:18:37', 'B0095B89261A454E8C04A4F57CF9F75D', '2020-02-16 00:18:38'),('BEEFDC07F65743E39906479AB2575D07', '020', '上海市', '', 'BEEFDC07F65743E39906479AB2575D07', 3.0000, 1, 0, '', '', 'B0095B89261A454E8C04A4F57CF9F75D', '2020-02-16 00:21:13', NULL, NULL),('E587CAF518924F99BDD32FE013781F61', '020', '天津市', '', 'E587CAF518924F99BDD32FE013781F61', 2.0000, 1, 0, '', '', 'B0095B89261A454E8C04A4F57CF9F75D', '2020-02-16 00:20:58', NULL, NULL);
UNLOCK TABLES;
COMMIT;
BEGIN;
LOCK TABLES `fsoft`.`sys_dict` WRITE;
DELETE FROM `fsoft`.`sys_dict`;
INSERT INTO `fsoft`.`sys_dict` (`RWID`,`STD_CODE`,`STD_NAME`,`dict_type`,`status`,`create_user_id`,`create_time`,`modify_user_id`,`modify_time`) VALUES ('3D08CFD1D65C47FE9C04F51E813F1633', 'ZHIFFS', '支付方式', 1, 1, 'B0095B89261A454E8C04A4F57CF9F75D', '2020-02-15 11:26:27.319', 'B0095B89261A454E8C04A4F57CF9F75D', '2020-02-15 11:26:27.314'),('9A3A81EC4E4D4D3CAC93CB21A7205E4B', 'XINGB', '性别', 1, 1, NULL, NULL, NULL, NULL),('ABB09CACD0F942FBB15A6CB50374BD8E', 'MZ', '民族', 1, 1, 'B0095B89261A454E8C04A4F57CF9F75D', '2020-02-15 10:45:35.775', NULL, NULL),('DB6151E79AC24778837C054A8A4CC94B', 'DQ', '地区', 2, 1, 'B0095B89261A454E8C04A4F57CF9F75D', '2020-02-15 17:21:26.351', 'B0095B89261A454E8C04A4F57CF9F75D', '2020-02-15 17:21:26.317');
UNLOCK TABLES;
COMMIT;
BEGIN;
LOCK TABLES `fsoft`.`sys_dict_item` WRITE;
DELETE FROM `fsoft`.`sys_dict_item`;
INSERT INTO `fsoft`.`sys_dict_item` (`RWID`,`DICT_ID`,`STD_CODE`,`STD_NAME`,`PARENT_ID`,`PARENTS`,`status`,`create_user_id`,`create_time`,`modify_user_id`,`modify_time`) VALUES ('06A7F4CBDD4A4AD78EE4143B7AD9A426', '9A3A81EC4E4D4D3CAC93CB21A7205E4B', '0', '男', NULL, NULL, 1, NULL, NULL, NULL, NULL),('0822627E7BF84A3F86BFE4DA10C556D6', '9A3A81EC4E4D4D3CAC93CB21A7205E4B', '1', '女', NULL, NULL, 1, NULL, '2019-09-24 23:14:12', NULL, '2019-09-24 23:14:12'),('82D443198DEB4C40A9CAF68D14E204A6', 'ABB09CACD0F942FBB15A6CB50374BD8E', '2', '壮族', NULL, '82D443198DEB4C40A9CAF68D14E204A6', 1, 'B0095B89261A454E8C04A4F57CF9F75D', '2020-02-15 11:14:30', NULL, NULL),('983AFF643EA44092B03A0DA444CFF1C7', 'ABB09CACD0F942FBB15A6CB50374BD8E', '1', '汉族', NULL, '983AFF643EA44092B03A0DA444CFF1C7', 1, 'B0095B89261A454E8C04A4F57CF9F75D', '2020-02-15 11:14:12', NULL, NULL),('AA5F1B76490948C9BF7492354B48D873', '3D08CFD1D65C47FE9C04F51E813F1633', 'SHOUJ', '信用卡', NULL, 'AA5F1B76490948C9BF7492354B48D873', 1, 'B0095B89261A454E8C04A4F57CF9F75D', '2020-02-15 11:27:00', NULL, NULL),('C3D48161A3B54815916D908FD9E160C7', '3D08CFD1D65C47FE9C04F51E813F1633', 'xianj', '现金', NULL, 'C3D48161A3B54815916D908FD9E160C7', 1, 'B0095B89261A454E8C04A4F57CF9F75D', '2020-02-15 11:27:16', NULL, NULL),('CA0B6DA937384D07839120AA6DBAA0B8', 'DB6151E79AC24778837C054A8A4CC94B', '1', '1', NULL, 'CA0B6DA937384D07839120AA6DBAA0B8', 1, 'B0095B89261A454E8C04A4F57CF9F75D', '2020-02-15 18:03:38', NULL, NULL),('E1523C9E1F27493A995B7B2DABEC724F', '3D08CFD1D65C47FE9C04F51E813F1633', 'WEIX', '微信支付', NULL, 'E1523C9E1F27493A995B7B2DABEC724F', 1, 'B0095B89261A454E8C04A4F57CF9F75D', '2020-02-15 11:26:47', NULL, NULL),('E9580A0041524E658A129174CB06E584', 'DB6151E79AC24778837C054A8A4CC94B', '010', '北京', NULL, 'E9580A0041524E658A129174CB06E584', 1, 'B0095B89261A454E8C04A4F57CF9F75D', '2020-02-15 18:03:53', NULL, NULL),('F51F3B9F2E424A44AB382B43752617AE', '3D08CFD1D65C47FE9C04F51E813F1633', 'zhifb', '支付宝', NULL, 'F51F3B9F2E424A44AB382B43752617AE', 1, 'B0095B89261A454E8C04A4F57CF9F75D', '2020-02-15 11:15:57', NULL, NULL);
UNLOCK TABLES;
COMMIT;
BEGIN;
LOCK TABLES `fsoft`.`sys_log` WRITE;
DELETE FROM `fsoft`.`sys_log`;
INSERT INTO `fsoft`.`sys_log` (`id`,`OPERATE_NAME`,`operation`,`method`,`params`,`ip`,`remark`,`CREATE_USER_ID`,`CREATE_TIME`) VALUES ('044D1A88E00F4E4DA6FD39055D0AC947', '登录系统', '用户[黎佳乐]使用账号[lijiale]执行操作(登录系统),操作时间:2020-02-15,客户端IP：192.168.1.110', 'com.fsoft.manager.shiro.SysLoginController.login()', '{\"captcha\":\"acca\",\"password\":\"123456\",\"username\":\"lijiale\"}', '192.168.1.110', '耗时:28ms', 'C042F0AE0F594F0DA12D4B16E0BC7944', '2020-02-15 21:47:58'),('0563BAFBFAF24107B9F4C5EC0688C6DB', '登录系统', '用户[系统管理员]使用账号[admin]执行操作(登录系统),操作时间:2020-02-16,客户端IP：0:0:0:0:0:0:0:1', 'com.fsoft.manager.shiro.SysLoginController.login()', '{\"captcha\":\"D\",\"password\":\"admin\",\"username\":\"admin\"}', '0:0:0:0:0:0:0:1', '耗时:757ms', 'B0095B89261A454E8C04A4F57CF9F75D', '2020-02-16 00:16:36'),('07BC19308B5D4FBE823DE4147A20C94E', '登录系统', '用户[系统管理员]使用账号[admin]执行操作(登录系统),操作时间:2020-02-15,客户端IP：192.168.1.102', 'com.fsoft.manager.shiro.SysLoginController.login()', '{\"captcha\":\"1\",\"password\":\"admin\",\"username\":\"admin\"}', '192.168.1.102', '耗时:28ms', 'B0095B89261A454E8C04A4F57CF9F75D', '2020-02-15 21:46:49'),('0BD067F599164492A0C050DAE8B7F98A', '启用/禁用 角色 ', '用户[系统管理员]使用账号[admin]执行操作(启用/禁用 角色 ),操作时间:2020-02-15,客户端IP：0:0:0:0:0:0:0:1', 'com.fsoft.manager.role.controller.SysRoleController.enable()', '{\"id\":\"6982FC3443214BC79502D4154C54B4D1\",\"menus\":[],\"modifyTime\":1581777270883,\"modifyUserId\":\"B0095B89261A454E8C04A4F57CF9F75D\",\"status\":1}', '0:0:0:0:0:0:0:1', '耗时:3ms', 'B0095B89261A454E8C04A4F57CF9F75D', '2020-02-15 22:34:31'),('0D2453D12B2D458594FBBBE43AF2D17A', '添加地区', '用户[系统管理员]使用账号[admin]执行操作(添加地区),操作时间:2020-02-16,客户端IP：0:0:0:0:0:0:0:1', 'com.fsoft.manager.area.controller.SysAreaController.save()', '{\"code\":\"110000\",\"createTime\":1581782933588,\"createUserId\":\"B0095B89261A454E8C04A4F57CF9F75D\",\"id\":\"88F3ED7541EA441585427A0CB94CE2D3\",\"isCity\":0,\"name\":\"北京\",\"parentId\":\"\",\"sortNo\":1,\"status\":1}', '0:0:0:0:0:0:0:1', '耗时:22ms', 'B0095B89261A454E8C04A4F57CF9F75D', '2020-02-16 00:08:54'),('0F0A70EEDD304D5BA76CB9D8990B6553', '登录系统', NULL, 'com.fsoft.manager.shiro.SysLoginController.login()', '{\"captcha\":\"1\",\"password\":\"123456\",\"username\":\"黎佳乐\"}', '0:0:0:0:0:0:0:1', '耗时:9ms', NULL, '2020-02-15 22:15:13'),('14102EB2B43C42B2B7A4963690A07BAF', '帐号启用', '用户[黎佳乐]使用账号[lijiale]执行操作(帐号启用),操作时间:2020-02-15,客户端IP：192.168.1.110', 'com.fsoft.manager.user.controller.SysUserController.enable()', '[\"D374A701CC8443048D13C8694D42CB9C\"]', '192.168.1.110', '耗时:5ms', 'C042F0AE0F594F0DA12D4B16E0BC7944', '2020-02-15 22:14:14'),('24D0354F836B4DBAA5EF0D91C55C2B19', '添加地区', '用户[系统管理员]使用账号[admin]执行操作(添加地区),操作时间:2020-02-16,客户端IP：0:0:0:0:0:0:0:1', 'com.fsoft.manager.area.controller.SysAreaController.save()', '{\"code\":\"110000\",\"createTime\":1581782955112,\"createUserId\":\"B0095B89261A454E8C04A4F57CF9F75D\",\"id\":\"6FED5808FD0C494A8966878B67A12834\",\"isCity\":0,\"name\":\"北京市区\",\"parentId\":\"88F3ED7541EA441585427A0CB94CE2D3\",\"sortNo\":1,\"status\":1}', '0:0:0:0:0:0:0:1', '耗时:10ms', 'B0095B89261A454E8C04A4F57CF9F75D', '2020-02-16 00:09:15'),('27BF87AA665043AF961742B492AC87D7', '添加地区', '用户[系统管理员]使用账号[admin]执行操作(添加地区),操作时间:2020-02-16,客户端IP：0:0:0:0:0:0:0:1', 'com.fsoft.manager.area.controller.SysAreaController.save()', '{\"areaCode\":\"\",\"code\":\"020\",\"createTime\":1581783658403,\"createUserId\":\"B0095B89261A454E8C04A4F57CF9F75D\",\"id\":\"E587CAF518924F99BDD32FE013781F61\",\"isCity\":0,\"name\":\"天津市\",\"parentId\":\"\",\"parents\":\"E587CAF518924F99BDD32FE013781F61\",\"postCode\":\"\",\"sortNo\":2,\"status\":1}', '0:0:0:0:0:0:0:1', '耗时:19ms', 'B0095B89261A454E8C04A4F57CF9F75D', '2020-02-16 00:20:58'),('27ECBE9E946A47E3B5A9D68D9A181AFC', '保存用户', '用户[系统管理员]使用账号[admin]执行操作(保存用户),操作时间:2020-02-15,客户端IP：192.168.1.102', 'com.fsoft.manager.user.controller.SysUserController.save()', '{\"areaId\":\"1\",\"createTime\":1581774297710,\"createUserId\":\"B0095B89261A454E8C04A4F57CF9F75D\",\"email\":\"admin@qq.com\",\"id\":\"C042F0AE0F594F0DA12D4B16E0BC7944\",\"isLock\":0,\"loginAcct\":\"lijiale\",\"loginPwd\":\"8c6976e5b5410415bde908bd4dee15dfb167a9c873fc4bb8a81f6f2ab448a918\",\"mobile\":\"15878102955\",\"orgId\":\"2849FC29AB744B58A5F9BF5FFEBC2AB5\",\"roleIdList\":[\"1D7EA23EA14B4ACDA0A86E36B7E60816\"],\"status\":1,\"theme\":\"theme1\",\"userName\":\"黎佳乐\"}', '192.168.1.102', '耗时:238ms', 'B0095B89261A454E8C04A4F57CF9F75D', '2020-02-15 21:44:58'),('28D7BFF6476B46CB9BC64590874268FD', '登录系统', '用户[系统管理员]使用账号[admin]执行操作(登录系统),操作时间:2020-02-15,客户端IP：192.168.1.102', 'com.fsoft.manager.shiro.SysLoginController.login()', '{\"captcha\":\"1\",\"password\":\"admin\",\"username\":\"admin\"}', '192.168.1.102', '耗时:470ms', 'B0095B89261A454E8C04A4F57CF9F75D', '2020-02-15 21:41:50'),('2BE4AE64C0F8405391756D858FAB90A8', '帐号禁用', '用户[黎佳乐]使用账号[lijiale]执行操作(帐号禁用),操作时间:2020-02-15,客户端IP：192.168.1.110', 'com.fsoft.manager.user.controller.SysUserController.disable()', '[\"C042F0AE0F594F0DA12D4B16E0BC7944\"]', '192.168.1.110', '耗时:5ms', 'C042F0AE0F594F0DA12D4B16E0BC7944', '2020-02-15 22:14:21'),('310FD8B1C3E1411F9F3EC4E86D387140', '登录系统', '用户[系统管理员]使用账号[admin]执行操作(登录系统),操作时间:2020-02-16,客户端IP：0:0:0:0:0:0:0:1', 'com.fsoft.manager.shiro.SysLoginController.login()', '{\"captcha\":\"1\",\"password\":\"admin\",\"username\":\"admin\"}', '0:0:0:0:0:0:0:1', '耗时:482ms', 'B0095B89261A454E8C04A4F57CF9F75D', '2020-02-16 00:03:38'),('32207A233F36426092504E674A90F431', '添加地区', '用户[系统管理员]使用账号[admin]执行操作(添加地区),操作时间:2020-02-16,客户端IP：0:0:0:0:0:0:0:1', 'com.fsoft.manager.area.controller.SysAreaController.save()', '{\"areaCode\":\"\",\"code\":\"020\",\"createTime\":1581783672841,\"createUserId\":\"B0095B89261A454E8C04A4F57CF9F75D\",\"id\":\"BEEFDC07F65743E39906479AB2575D07\",\"isCity\":0,\"name\":\"上海市\",\"parentId\":\"\",\"parents\":\"BEEFDC07F65743E39906479AB2575D07\",\"postCode\":\"\",\"sortNo\":3,\"status\":1}', '0:0:0:0:0:0:0:1', '耗时:9ms', 'B0095B89261A454E8C04A4F57CF9F75D', '2020-02-16 00:21:13'),('3B01ED1C63694401B24C1808C97903D2', '登录系统', '用户[系统管理员]使用账号[admin]执行操作(登录系统),操作时间:2020-02-15,客户端IP：0:0:0:0:0:0:0:1', 'com.fsoft.manager.shiro.SysLoginController.login()', '{\"captcha\":\"1\",\"password\":\"admin\",\"username\":\"admin\"}', '0:0:0:0:0:0:0:1', '耗时:663ms', 'B0095B89261A454E8C04A4F57CF9F75D', '2020-02-15 23:40:09'),('43BAEA71523D46C5B41DFC46CD9E76A3', '登录系统', '用户[系统管理员]使用账号[admin]执行操作(登录系统),操作时间:2020-02-15,客户端IP：0:0:0:0:0:0:0:1', 'com.fsoft.manager.shiro.SysLoginController.login()', '{\"captcha\":\"1\",\"password\":\"admin\",\"username\":\"admin\"}', '0:0:0:0:0:0:0:1', '耗时:25ms', 'B0095B89261A454E8C04A4F57CF9F75D', '2020-02-15 21:47:39'),('44D8297B794948CA9896460ED3DA4A2C', '编辑组织机构', '用户[黎佳乐]使用账号[lijiale]执行操作(编辑组织机构),操作时间:2020-02-15,客户端IP：192.168.1.110', 'com.fsoft.core.org.controller.SysOrganizeController.modify()', '{\"code\":\"20200214\",\"id\":\"18BD951082E741CCA689E6F59DF2F81C\",\"modifyTime\":1581776771254,\"modifyUserId\":\"C042F0AE0F594F0DA12D4B16E0BC7944\",\"name\":\"微信\",\"parentId\":\"1A22736307C011EA810600FFF4B8A342\",\"sortNo\":1}', '192.168.1.110', '耗时:10ms', 'C042F0AE0F594F0DA12D4B16E0BC7944', '2020-02-15 22:26:11'),('49F7F974D0204C54ACAC71399246DC1C', '登录系统', '用户[系统管理员]使用账号[admin]执行操作(登录系统),操作时间:2020-02-16,客户端IP：0:0:0:0:0:0:0:1', 'com.fsoft.manager.shiro.SysLoginController.login()', '{\"captcha\":\"1\",\"password\":\"admin\",\"username\":\"admin\"}', '0:0:0:0:0:0:0:1', '耗时:33ms', 'B0095B89261A454E8C04A4F57CF9F75D', '2020-02-16 00:31:55'),('4CB104D56E8645D397FCA1144DE36A1C', '添加地区', '用户[系统管理员]使用账号[admin]执行操作(添加地区),操作时间:2020-02-15,客户端IP：0:0:0:0:0:0:0:1', 'com.fsoft.manager.area.controller.SysAreaController.save()', '{\"code\":\"100\",\"createTime\":1581781951940,\"createUserId\":\"B0095B89261A454E8C04A4F57CF9F75D\",\"id\":\"407AD4320D444D39A6C64C64B9B6E9FA\",\"isCity\":0,\"name\":\"北京\",\"parentId\":\"\",\"sortNo\":1,\"status\":1}', '0:0:0:0:0:0:0:1', '耗时:18ms', 'B0095B89261A454E8C04A4F57CF9F75D', '2020-02-15 23:52:32'),('50D1824053A049159A948328683903CD', '帐号启用', '用户[黎佳乐]使用账号[lijiale]执行操作(帐号启用),操作时间:2020-02-15,客户端IP：192.168.1.110', 'com.fsoft.manager.user.controller.SysUserController.enable()', '[\"D374A701CC8443048D13C8694D42CB9C\"]', '192.168.1.110', '耗时:8ms', 'C042F0AE0F594F0DA12D4B16E0BC7944', '2020-02-15 22:15:37'),('51D63DAB6B6B4047878954E371D3F468', '删除用户', '用户[系统管理员]使用账号[admin]执行操作(删除用户),操作时间:2020-02-15,客户端IP：192.168.1.102', 'com.fsoft.manager.user.controller.SysUserController.remove()', '[\"063171C2F58D4700A385B217175CB20B\"]', '192.168.1.102', '耗时:18ms', 'B0095B89261A454E8C04A4F57CF9F75D', '2020-02-15 21:43:39'),('54441131185E422F9DEAEEFE8996C326', '编辑组织机构', '用户[系统管理员]使用账号[admin]执行操作(编辑组织机构),操作时间:2020-02-15,客户端IP：0:0:0:0:0:0:0:1', 'com.fsoft.core.org.controller.SysOrganizeController.modify()', '{\"code\":\"admin\",\"id\":\"DDABA179992845CF848B881CD6C41454\",\"modifyTime\":1581776938621,\"modifyUserId\":\"B0095B89261A454E8C04A4F57CF9F75D\",\"name\":\"admin\",\"parentId\":\"1A22736307C011EA810600FFF4B8A342\",\"sortNo\":-1}', '0:0:0:0:0:0:0:1', '耗时:13ms', 'B0095B89261A454E8C04A4F57CF9F75D', '2020-02-15 22:28:59'),('5541ADA1A4A9497DAE4E69C5D6CE220F', '编辑组织机构', '用户[黎佳乐]使用账号[lijiale]执行操作(编辑组织机构),操作时间:2020-02-15,客户端IP：192.168.1.110', 'com.fsoft.core.org.controller.SysOrganizeController.modify()', '{\"code\":\"admin\",\"id\":\"DDABA179992845CF848B881CD6C41454\",\"modifyTime\":1581776660261,\"modifyUserId\":\"C042F0AE0F594F0DA12D4B16E0BC7944\",\"name\":\"admin\",\"parentId\":\"18BD951082E741CCA689E6F59DF2F81C\",\"sortNo\":1}', '192.168.1.110', '耗时:71ms', 'C042F0AE0F594F0DA12D4B16E0BC7944', '2020-02-15 22:24:20'),('58B91732280642C19812958167F5003E', '启用/禁用 角色 ', '用户[系统管理员]使用账号[admin]执行操作(启用/禁用 角色 ),操作时间:2020-02-15,客户端IP：0:0:0:0:0:0:0:1', 'com.fsoft.manager.role.controller.SysRoleController.enable()', '{\"id\":\"6982FC3443214BC79502D4154C54B4D1\",\"menus\":[],\"modifyTime\":1581777253836,\"modifyUserId\":\"B0095B89261A454E8C04A4F57CF9F75D\",\"status\":0}', '0:0:0:0:0:0:0:1', '耗时:151ms', 'B0095B89261A454E8C04A4F57CF9F75D', '2020-02-15 22:34:14'),('6208457D1FD24106BF91751CEF5302FD', '添加地区', '用户[系统管理员]使用账号[admin]执行操作(添加地区),操作时间:2020-02-16,客户端IP：0:0:0:0:0:0:0:1', 'com.fsoft.manager.area.controller.SysAreaController.save()', '{\"code\":\"123\",\"createTime\":1581782632493,\"createUserId\":\"B0095B89261A454E8C04A4F57CF9F75D\",\"id\":\"EAF3F58FA3014637B3F77748D55FD770\",\"isCity\":0,\"name\":\"123\",\"parentId\":\"\",\"sortNo\":1,\"status\":1}', '0:0:0:0:0:0:0:1', '耗时:16ms', 'B0095B89261A454E8C04A4F57CF9F75D', '2020-02-16 00:03:53'),('6959BC6931904E279084E933D85B3DBA', '帐号启用', '用户[黎佳乐]使用账号[lijiale]执行操作(帐号启用),操作时间:2020-02-15,客户端IP：192.168.1.110', 'com.fsoft.manager.user.controller.SysUserController.enable()', '[\"C042F0AE0F594F0DA12D4B16E0BC7944\"]', '192.168.1.110', '耗时:5ms', 'C042F0AE0F594F0DA12D4B16E0BC7944', '2020-02-15 22:15:25'),('6FCBB905EFE240DB98C989A3208DFF0E', '帐号禁用', '用户[黎佳乐]使用账号[lijiale]执行操作(帐号禁用),操作时间:2020-02-15,客户端IP：192.168.1.110', 'com.fsoft.manager.user.controller.SysUserController.disable()', '[\"D374A701CC8443048D13C8694D42CB9C\"]', '192.168.1.110', '耗时:10ms', 'C042F0AE0F594F0DA12D4B16E0BC7944', '2020-02-15 22:15:30'),('709091E92DFA401E89427D079A991AC4', '修改地区', '用户[系统管理员]使用账号[admin]执行操作(修改地区),操作时间:2020-02-16,客户端IP：0:0:0:0:0:0:0:1', 'com.fsoft.manager.area.controller.SysAreaController.modify()', '{\"areaCode\":\"\",\"code\":\"110000\",\"id\":\"88F3ED7541EA441585427A0CB94CE2D3\",\"modifyTime\":1581783517773,\"modifyUserId\":\"B0095B89261A454E8C04A4F57CF9F75D\",\"name\":\"北京\",\"parentId\":\"\",\"postCode\":\"020\",\"sortNo\":1}', '0:0:0:0:0:0:0:1', '耗时:10ms', 'B0095B89261A454E8C04A4F57CF9F75D', '2020-02-16 00:18:38'),('8886571434E1446EB73D5EFCD04148D3', '帐号禁用', '用户[黎佳乐]使用账号[lijiale]执行操作(帐号禁用),操作时间:2020-02-15,客户端IP：192.168.1.110', 'com.fsoft.manager.user.controller.SysUserController.disable()', '[\"D374A701CC8443048D13C8694D42CB9C\"]', '192.168.1.110', '耗时:11ms', 'C042F0AE0F594F0DA12D4B16E0BC7944', '2020-02-15 22:16:14'),('89AFEA0CEA494C0D9D2ADB5E1BADE0E6', '修改用户', '用户[黎佳乐]使用账号[lijiale]执行操作(修改用户),操作时间:2020-02-15,客户端IP：192.168.1.110', 'com.fsoft.manager.user.controller.SysUserController.modify()', '{\"email\":\"admin@qq.com\",\"id\":\"C042F0AE0F594F0DA12D4B16E0BC7944\",\"isLock\":0,\"lockTime\":1581774471000,\"loginAcct\":\"lijiale\",\"loginPwd\":\"\",\"mobile\":\"15878102955\",\"modifyTime\":1581775567751,\"modifyUserId\":\"C042F0AE0F594F0DA12D4B16E0BC7944\",\"orgId\":\"2849FC29AB744B58A5F9BF5FFEBC2AB5\",\"roleIdList\":[\"1D7EA23EA14B4ACDA0A86E36B7E60816\"],\"theme\":\"theme2\",\"userName\":\"黎佳乐\"}', '192.168.1.110', '耗时:38ms', 'C042F0AE0F594F0DA12D4B16E0BC7944', '2020-02-15 22:06:08'),('8D8CD7D9EF794C039E314DA0C4B1EAD4', '退出登录', NULL, 'com.fsoft.manager.shiro.SysLoginController.logout()', '', '0:0:0:0:0:0:0:1', '耗时:0ms', NULL, '2020-02-16 00:31:52'),('9415426A6C0D4CBEAD453E9475E77BD6', '修改菜单', '用户[系统管理员]使用账号[admin]执行操作(修改菜单),操作时间:2020-02-16,客户端IP：0:0:0:0:0:0:0:1', 'com.fsoft.manager.menu.controller.SysMenuController.modify()', '{\"childrens\":[],\"icon\":\"\",\"id\":\"F3D172411F6F40F683222DD0EA7896BE\",\"menuType\":2,\"name\":\"查看\",\"parentId\":\"169C89AC4F5342ED909DF777141C333A\",\"perms\":\"sys:area:list,sys:area:info\",\"sortNo\":2.22}', '0:0:0:0:0:0:0:1', '耗时:6ms', 'B0095B89261A454E8C04A4F57CF9F75D', '2020-02-16 00:22:29'),('97C3C076E32942319F3A4D9FD3A2B68E', '编辑组织机构', '用户[黎佳乐]使用账号[lijiale]执行操作(编辑组织机构),操作时间:2020-02-15,客户端IP：192.168.1.110', 'com.fsoft.core.org.controller.SysOrganizeController.modify()', '{\"code\":\"admin\",\"id\":\"DDABA179992845CF848B881CD6C41454\",\"modifyTime\":1581776676483,\"modifyUserId\":\"C042F0AE0F594F0DA12D4B16E0BC7944\",\"name\":\"admin\",\"parentId\":\"18BD951082E741CCA689E6F59DF2F81C\",\"sortNo\":1}', '192.168.1.110', '耗时:22ms', 'C042F0AE0F594F0DA12D4B16E0BC7944', '2020-02-15 22:24:36'),('99268F41D4C240DFA6F3B19864FABC2C', '帐号启用', '用户[黎佳乐]使用账号[lijiale]执行操作(帐号启用),操作时间:2020-02-15,客户端IP：192.168.1.110', 'com.fsoft.manager.user.controller.SysUserController.enable()', '[\"D374A701CC8443048D13C8694D42CB9C\"]', '192.168.1.110', '耗时:8ms', 'C042F0AE0F594F0DA12D4B16E0BC7944', '2020-02-15 22:17:03'),('9FA4F74CE4224B0BBC9E217F48D9C8AF', '修改地区', '用户[系统管理员]使用账号[admin]执行操作(修改地区),操作时间:2020-02-16,客户端IP：0:0:0:0:0:0:0:1', 'com.fsoft.manager.area.controller.SysAreaController.modify()', '{\"areaCode\":\"100000\",\"code\":\"110000\",\"id\":\"6FED5808FD0C494A8966878B67A12834\",\"modifyTime\":1581783505224,\"modifyUserId\":\"B0095B89261A454E8C04A4F57CF9F75D\",\"name\":\"北京市区\",\"parentId\":\"88F3ED7541EA441585427A0CB94CE2D3\",\"postCode\":\"010\",\"sortNo\":1}', '0:0:0:0:0:0:0:1', '耗时:37ms', 'B0095B89261A454E8C04A4F57CF9F75D', '2020-02-16 00:18:25'),('A387D22947A3483795337CB5621A410D', '编辑组织机构', '用户[系统管理员]使用账号[admin]执行操作(编辑组织机构),操作时间:2020-02-15,客户端IP：0:0:0:0:0:0:0:1', 'com.fsoft.core.org.controller.SysOrganizeController.modify()', '{\"code\":\"20200214\",\"id\":\"18BD951082E741CCA689E6F59DF2F81C\",\"modifyTime\":1581776895024,\"modifyUserId\":\"B0095B89261A454E8C04A4F57CF9F75D\",\"name\":\"微信\",\"parentId\":\"1A22736307C011EA810600FFF4B8A342\",\"sortNo\":0.1}', '0:0:0:0:0:0:0:1', '耗时:21ms', 'B0095B89261A454E8C04A4F57CF9F75D', '2020-02-15 22:28:15'),('A3A1B6C4D36642D2BDA9CF425AACA080', '退出登录', NULL, 'com.fsoft.manager.shiro.SysLoginController.logout()', '', '0:0:0:0:0:0:0:1', '耗时:15ms', NULL, '2020-02-16 00:22:42'),('AAC9BFF0D1B344BD9B72A6D843B586E3', '帐号启用', '用户[黎佳乐]使用账号[lijiale]执行操作(帐号启用),操作时间:2020-02-15,客户端IP：192.168.1.110', 'com.fsoft.manager.user.controller.SysUserController.enable()', '[\"C042F0AE0F594F0DA12D4B16E0BC7944\"]', '192.168.1.110', '耗时:8ms', 'C042F0AE0F594F0DA12D4B16E0BC7944', '2020-02-15 22:16:07'),('ABE9E3B8367B41F7B91C67C2E2C0B3F6', '登录系统', NULL, 'com.fsoft.manager.shiro.SysLoginController.login()', '{\"captcha\":\"1\",\"password\":\"123456\",\"username\":\"admin\"}', '0:0:0:0:0:0:0:1', '耗时:5ms', NULL, '2020-02-15 22:15:19'),('B0770A040A7B47C1B953176239C798EE', '登录系统', '用户[系统管理员]使用账号[admin]执行操作(登录系统),操作时间:2020-02-16,客户端IP：0:0:0:0:0:0:0:1', 'com.fsoft.manager.shiro.SysLoginController.login()', '{\"captcha\":\"1\",\"password\":\"admin\",\"username\":\"admin\"}', '0:0:0:0:0:0:0:1', '耗时:18ms', 'B0095B89261A454E8C04A4F57CF9F75D', '2020-02-16 00:32:13'),('B0A476E788814F3C97FB9391DE1BE9D9', '帐号禁用', '用户[黎佳乐]使用账号[lijiale]执行操作(帐号禁用),操作时间:2020-02-15,客户端IP：192.168.1.110', 'com.fsoft.manager.user.controller.SysUserController.disable()', '[\"C042F0AE0F594F0DA12D4B16E0BC7944\"]', '192.168.1.110', '耗时:4ms', 'C042F0AE0F594F0DA12D4B16E0BC7944', '2020-02-15 22:15:44'),('B55930C25B5B43D2AC317C1C2356951E', '修改用户', '用户[系统管理员]使用账号[admin]执行操作(修改用户),操作时间:2020-02-16,客户端IP：0:0:0:0:0:0:0:1', 'com.fsoft.manager.user.controller.SysUserController.modify()', '{\"email\":\"it.fish2010@foxmail.com\",\"id\":\"B0095B89261A454E8C04A4F57CF9F75D\",\"isLock\":0,\"lockTime\":1581552471000,\"loginPwd\":\"\",\"mobile\":\"18900000000\",\"modifyTime\":1581784327510,\"modifyUserId\":\"B0095B89261A454E8C04A4F57CF9F75D\",\"orgId\":\"DDABA179992845CF848B881CD6C41454\",\"roleIdList\":[\"84905D3EB4CB4C64870D631D22BBDFA0\",\"1D7EA23EA14B4ACDA0A86E36B7E60816\"],\"theme\":\"theme2\",\"userName\":\"系统管理员\"}', '0:0:0:0:0:0:0:1', '耗时:26ms', 'B0095B89261A454E8C04A4F57CF9F75D', '2020-02-16 00:32:08'),('B7336AC525AC43E789C789690B18F531', '修改用户', '用户[系统管理员]使用账号[admin]执行操作(修改用户),操作时间:2020-02-15,客户端IP：0:0:0:0:0:0:0:1', 'com.fsoft.manager.user.controller.SysUserController.modify()', '{\"email\":\"admin@qq.com\",\"id\":\"C042F0AE0F594F0DA12D4B16E0BC7944\",\"isLock\":0,\"loginAcct\":\"lijiale\",\"loginPwd\":\"8d969eef6ecad3c29a3a629280e686cf0c3f5d5a86aff3ca12020c923adc6c92\",\"mobile\":\"15878102955\",\"modifyTime\":1581774471731,\"modifyUserId\":\"B0095B89261A454E8C04A4F57CF9F75D\",\"orgId\":\"2849FC29AB744B58A5F9BF5FFEBC2AB5\",\"roleIdList\":[\"1D7EA23EA14B4ACDA0A86E36B7E60816\"],\"theme\":\"theme1\",\"userName\":\"黎佳乐\"}', '0:0:0:0:0:0:0:1', '耗时:45ms', 'B0095B89261A454E8C04A4F57CF9F75D', '2020-02-15 21:47:52'),('B9BAD100A3594839B55A3669C9E7400B', '修改菜单', '用户[系统管理员]使用账号[admin]执行操作(修改菜单),操作时间:2020-02-15,客户端IP：0:0:0:0:0:0:0:1', 'com.fsoft.manager.menu.controller.SysMenuController.modify()', '{\"childrens\":[],\"icon\":\"\",\"id\":\"A08BC6AEE58A448B834DFB9626FBF6BB\",\"menuType\":2,\"name\":\"修改\",\"parentId\":\"169C89AC4F5342ED909DF777141C333A\",\"perms\":\"sys:area:edit,sys:area:modify\",\"sortNo\":2.24}', '0:0:0:0:0:0:0:1', '耗时:44ms', 'B0095B89261A454E8C04A4F57CF9F75D', '2020-02-15 23:54:26'),('BA88F135E78547B49EF683F4F0DCB80F', '启用/禁用 角色 ', '用户[系统管理员]使用账号[admin]执行操作(启用/禁用 角色 ),操作时间:2020-02-15,客户端IP：0:0:0:0:0:0:0:1', 'com.fsoft.manager.role.controller.SysRoleController.enable()', '{\"id\":\"226E284D6091417FBE5D48289971B583\",\"menus\":[],\"modifyTime\":1581777270128,\"modifyUserId\":\"B0095B89261A454E8C04A4F57CF9F75D\",\"status\":0}', '0:0:0:0:0:0:0:1', '耗时:6ms', 'B0095B89261A454E8C04A4F57CF9F75D', '2020-02-15 22:34:30'),('BCF0DADF445D49A292B5E1F5DCEE5C91', '登录系统', '用户[系统管理员]使用账号[admin]执行操作(登录系统),操作时间:2020-02-16,客户端IP：0:0:0:0:0:0:0:1', 'com.fsoft.manager.shiro.SysLoginController.login()', '{\"captcha\":\"1\",\"password\":\"admin\",\"username\":\"admin\"}', '0:0:0:0:0:0:0:1', '耗时:681ms', 'B0095B89261A454E8C04A4F57CF9F75D', '2020-02-16 00:08:25'),('C0A0581E7A4645F9BAA8A2E140262D5B', '添加地区', '用户[系统管理员]使用账号[admin]执行操作(添加地区),操作时间:2020-02-16,客户端IP：0:0:0:0:0:0:0:1', 'com.fsoft.manager.area.controller.SysAreaController.save()', '{\"areaCode\":\"\",\"code\":\"1\",\"createTime\":1581783641800,\"createUserId\":\"B0095B89261A454E8C04A4F57CF9F75D\",\"id\":\"09EA16AF8DF44DDAA65A7F2548E326B1\",\"isCity\":0,\"name\":\"东城区\",\"parentId\":\"88F3ED7541EA441585427A0CB94CE2D3\",\"parents\":\"88F3ED7541EA441585427A0CB94CE2D3_09EA16AF8DF44DDAA65A7F2548E326B1\",\"postCode\":\"\",\"sortNo\":2,\"status\":1}', '0:0:0:0:0:0:0:1', '耗时:16ms', 'B0095B89261A454E8C04A4F57CF9F75D', '2020-02-16 00:20:42'),('C72E8633DB384FEF867E5B5EC3BD3CC5', '修改用户', '用户[系统管理员]使用账号[admin]执行操作(修改用户),操作时间:2020-02-16,客户端IP：0:0:0:0:0:0:0:1', 'com.fsoft.manager.user.controller.SysUserController.modify()', '{\"email\":\"it.fish2010@foxmail.com\",\"id\":\"B0095B89261A454E8C04A4F57CF9F75D\",\"isLock\":0,\"lockTime\":1581552471000,\"loginPwd\":\"\",\"mobile\":\"18900000000\",\"modifyTime\":1581784308642,\"modifyUserId\":\"B0095B89261A454E8C04A4F57CF9F75D\",\"orgId\":\"DDABA179992845CF848B881CD6C41454\",\"roleIdList\":[\"84905D3EB4CB4C64870D631D22BBDFA0\"],\"theme\":\"theme2\",\"userName\":\"系统管理员\"}', '0:0:0:0:0:0:0:1', '耗时:43ms', 'B0095B89261A454E8C04A4F57CF9F75D', '2020-02-16 00:31:49'),('D6F186708F784E42A5CD8801EE25490F', '编辑组织机构', '用户[系统管理员]使用账号[admin]执行操作(编辑组织机构),操作时间:2020-02-15,客户端IP：0:0:0:0:0:0:0:1', 'com.fsoft.core.org.controller.SysOrganizeController.modify()', '{\"code\":\"admin\",\"id\":\"DDABA179992845CF848B881CD6C41454\",\"modifyTime\":1581776666345,\"modifyUserId\":\"B0095B89261A454E8C04A4F57CF9F75D\",\"name\":\"admin\",\"parentId\":\"18BD951082E741CCA689E6F59DF2F81C\",\"sortNo\":3}', '0:0:0:0:0:0:0:1', '耗时:10ms', 'B0095B89261A454E8C04A4F57CF9F75D', '2020-02-15 22:24:26'),('E58BBF00FBBB4210AF40443669A23818', '登录系统', '用户[系统管理员]使用账号[admin]执行操作(登录系统),操作时间:2020-02-16,客户端IP：0:0:0:0:0:0:0:1', 'com.fsoft.manager.shiro.SysLoginController.login()', '{\"captcha\":\"1\",\"password\":\"admin\",\"username\":\"admin\"}', '0:0:0:0:0:0:0:1', '耗时:22ms', 'B0095B89261A454E8C04A4F57CF9F75D', '2020-02-16 00:22:44'),('E84ADC5DB710401BBA89655FAD13EDF1', '编辑组织机构', '用户[系统管理员]使用账号[admin]执行操作(编辑组织机构),操作时间:2020-02-15,客户端IP：0:0:0:0:0:0:0:1', 'com.fsoft.core.org.controller.SysOrganizeController.modify()', '{\"code\":\"admin\",\"id\":\"DDABA179992845CF848B881CD6C41454\",\"modifyTime\":1581776683027,\"modifyUserId\":\"B0095B89261A454E8C04A4F57CF9F75D\",\"name\":\"admin\",\"parentId\":\"1A22736307C011EA810600FFF4B8A342\",\"parents\":\"1A22736307C011EA810600FFF4B8A342_DDABA179992845CF848B881CD6C41454\",\"sortNo\":3}', '0:0:0:0:0:0:0:1', '耗时:11ms', 'B0095B89261A454E8C04A4F57CF9F75D', '2020-02-15 22:24:43'),('EB0A9F454EE74B1180D2B6634D672D67', '退出登录', NULL, 'com.fsoft.manager.shiro.SysLoginController.logout()', '', '0:0:0:0:0:0:0:1', '耗时:0ms', NULL, '2020-02-16 00:32:11'),('EDB4737DF37C406CA1583AB2A5D4F03B', '登录系统', '用户[系统管理员]使用账号[admin]执行操作(登录系统),操作时间:2020-02-15,客户端IP：0:0:0:0:0:0:0:1', 'com.fsoft.manager.shiro.SysLoginController.login()', '{\"captcha\":\"12\",\"password\":\"admin\",\"username\":\"admin\"}', '0:0:0:0:0:0:0:1', '耗时:37ms', 'B0095B89261A454E8C04A4F57CF9F75D', '2020-02-15 23:41:30'),('F1FC77AF712D45FFA20E8FD398BEDFA4', '登录系统', '用户[系统管理员]使用账号[admin]执行操作(登录系统),操作时间:2020-02-16,客户端IP：0:0:0:0:0:0:0:1', 'com.fsoft.manager.shiro.SysLoginController.login()', '{\"captcha\":\"1\",\"password\":\"admin\",\"username\":\"admin\"}', '0:0:0:0:0:0:0:1', '耗时:23ms', 'B0095B89261A454E8C04A4F57CF9F75D', '2020-02-16 00:31:12'),('F28A75FEF711430681CDEA7899E87D06', '编辑组织机构', '用户[系统管理员]使用账号[admin]执行操作(编辑组织机构),操作时间:2020-02-16,客户端IP：0:0:0:0:0:0:0:1', 'com.fsoft.core.org.controller.SysOrganizeController.modify()', '{\"code\":\"537200\",\"id\":\"1A22736307C011EA810600FFF4B8A342\",\"modifyTime\":1581784364195,\"modifyUserId\":\"B0095B89261A454E8C04A4F57CF9F75D\",\"name\":\"腾讯\",\"parentId\":\"DDABA179992845CF848B881CD6C41454\",\"parents\":\"1A22736307C011EA810600FFF4B8A342_DDABA179992845CF848B881CD6C41454_1A22736307C011EA810600FFF4B8A342\",\"sortNo\":2}', '0:0:0:0:0:0:0:1', '耗时:17ms', 'B0095B89261A454E8C04A4F57CF9F75D', '2020-02-16 00:32:44'),('F495A2D3DBA2402CA9ADB183EED5767D', '修改菜单', '用户[系统管理员]使用账号[admin]执行操作(修改菜单),操作时间:2020-02-16,客户端IP：0:0:0:0:0:0:0:1', 'com.fsoft.manager.menu.controller.SysMenuController.modify()', '{\"childrens\":[],\"icon\":\"\",\"id\":\"7EF45D395B8F4FCE90204753709128B8\",\"menuType\":2,\"name\":\"删除\",\"parentId\":\"169C89AC4F5342ED909DF777141C333A\",\"perms\":\"sys:area:remove\",\"sortNo\":2.23}', '0:0:0:0:0:0:0:1', '耗时:24ms', 'B0095B89261A454E8C04A4F57CF9F75D', '2020-02-16 00:22:06'),('FB85EF04B46446F9A08CF4486E861632', '登录系统', '用户[系统管理员]使用账号[admin]执行操作(登录系统),操作时间:2020-02-15,客户端IP：0:0:0:0:0:0:0:1', 'com.fsoft.manager.shiro.SysLoginController.login()', '{\"captcha\":\"1\",\"password\":\"admin\",\"username\":\"admin\"}', '0:0:0:0:0:0:0:1', '耗时:11ms', 'B0095B89261A454E8C04A4F57CF9F75D', '2020-02-15 22:15:24');
UNLOCK TABLES;
COMMIT;
BEGIN;
LOCK TABLES `fsoft`.`sys_menu` WRITE;
DELETE FROM `fsoft`.`sys_menu`;
INSERT INTO `fsoft`.`sys_menu` (`RWID`,`STD_CODE`,`STD_NAME`,`PARENT_ID`,`PARENTS`,`ACTION_URL`,`PERMS`,`MENU_TYPE`,`ICON`,`STATUS`,`SORT_NO`,`CREATE_USER_ID`,`CREATE_TIME`,`MODIFY_USER_ID`,`MODIFY_TIME`) VALUES ('11F8038E13BA43EA88C4CBC75A0AB3DF', NULL, '加锁', '157561D5BB17469086FA11638FD16A0D', '2FB26B507924440B968BED4C3A279AEC_157561D5BB17469086FA11638FD16A0D_11F8038E13BA43EA88C4CBC75A0AB3DF', NULL, 'sys:user:lock', 2, NULL, 1, 1.36, NULL, '2020-02-13 23:46:13', NULL, '2020-02-13 23:46:13'),('157561D5BB17469086FA11638FD16A0D', NULL, '用户管理', '2FB26B507924440B968BED4C3A279AEC', '2FB26B507924440B968BED4C3A279AEC_157561D5BB17469086FA11638FD16A0D', '/sys-user/list', 'sys:user:list', 1, 'fa fa-user', 1, 1.30, NULL, '2020-02-13 23:43:36', NULL, '2020-02-13 23:43:36'),('169C89AC4F5342ED909DF777141C333A', NULL, '地区管理', '23EB4B738E954535B3C0DA926B52B6A9', '23EB4B738E954535B3C0DA926B52B6A9_169C89AC4F5342ED909DF777141C333A', '/sys-area/list', '', 1, 'fa fa-area-chart', 1, 2.20, NULL, '2020-02-13 23:35:25', NULL, '2020-02-13 23:35:25'),('1F58D17D42D64FABAA0B1AEFA879AA17', NULL, '启用', 'C67CF8BD12B845C082D559027859CF94', '23EB4B738E954535B3C0DA926B52B6A9_C67CF8BD12B845C082D559027859CF94_1F58D17D42D64FABAA0B1AEFA879AA17', NULL, 'sys:dict:enable', 2, NULL, 1, 2.15, NULL, '2020-02-14 00:07:06', NULL, '2020-02-14 00:07:06'),('23AE57B39FC54AEA8202B0C954A0ABC8', NULL, '删除', '6D0D711491F04F09AA763D09298B656E', '2FB26B507924440B968BED4C3A279AEC_6D0D711491F04F09AA763D09298B656E_23AE57B39FC54AEA8202B0C954A0ABC8', NULL, 'sys:org:remove,sys:org:delete', 2, NULL, 1, 1.04, NULL, '2020-02-13 23:46:57', NULL, '2020-02-13 23:46:57'),('23EB4B738E954535B3C0DA926B52B6A9', NULL, '基础配置', '0', '23EB4B738E954535B3C0DA926B52B6A9', NULL, NULL, 0, 'fa fa-server', 1, 2.00, NULL, '2020-02-13 23:33:08', NULL, '2020-02-13 23:33:08'),('258AD3CB4AD54C9694A38907745CC7AD', NULL, '查看', '6D0D711491F04F09AA763D09298B656E', '2FB26B507924440B968BED4C3A279AEC_6D0D711491F04F09AA763D09298B656E_258AD3CB4AD54C9694A38907745CC7AD', NULL, 'organize:info', 2, NULL, 1, 1.03, NULL, '2020-02-13 23:47:02', NULL, '2020-02-13 23:47:02'),('275DE054E7DB46D79B3981CD4344AA49', NULL, '启用/停用', '157561D5BB17469086FA11638FD16A0D', '2FB26B507924440B968BED4C3A279AEC_157561D5BB17469086FA11638FD16A0D_275DE054E7DB46D79B3981CD4344AA49', NULL, 'sys:user:enable', 2, NULL, 1, 1.33, NULL, '2020-02-13 23:46:17', NULL, '2020-02-13 23:46:17'),('2B173C237AB040F1BF4CF798BFFBD0E4', NULL, '新增', 'C67CF8BD12B845C082D559027859CF94', '23EB4B738E954535B3C0DA926B52B6A9_C67CF8BD12B845C082D559027859CF94_2B173C237AB040F1BF4CF798BFFBD0E4', NULL, 'sys:dict:save,sys:dict:add', 2, NULL, 1, 2.11, NULL, '2020-02-14 11:37:00', NULL, NULL),('2DBEFE4302184B1DBADDA6CDEA44A941', NULL, '查看', '157561D5BB17469086FA11638FD16A0D', '2FB26B507924440B968BED4C3A279AEC_157561D5BB17469086FA11638FD16A0D_2DBEFE4302184B1DBADDA6CDEA44A941', NULL, 'sys:user:list,sys:user:info', 2, NULL, 1, 1.34, NULL, '2020-02-13 23:46:20', NULL, '2020-02-13 23:46:20'),('2F6A74A1A5264BD180C33EF4042D01A5', NULL, '删除', '157561D5BB17469086FA11638FD16A0D', '2FB26B507924440B968BED4C3A279AEC_157561D5BB17469086FA11638FD16A0D_2F6A74A1A5264BD180C33EF4042D01A5', NULL, 'sys:user:remove', 2, NULL, 1, 1.35, NULL, '2020-02-13 23:46:24', NULL, '2020-02-13 23:46:24'),('2FB26B507924440B968BED4C3A279AEC', NULL, '系统管理', '0', '2FB26B507924440B968BED4C3A279AEC', NULL, '', 0, 'fa fa-cogs', 1, 0.00, NULL, '2020-02-14 14:08:25', NULL, NULL),('340A8F934ABE4F639D3C1CA6AB1B44BA', NULL, '新增', 'B571E1A529DA4004AEC143B342AC368D', '2FB26B507924440B968BED4C3A279AEC_B571E1A529DA4004AEC143B342AC368D_340A8F934ABE4F639D3C1CA6AB1B44BA', NULL, 'sys:role:add,sys:menu:perms', 2, NULL, 1, 1.21, NULL, '2020-02-13 23:47:54', NULL, '2020-02-13 23:47:54'),('56276AC9D54F419385575967EE088DFB', NULL, '新增', '169C89AC4F5342ED909DF777141C333A', '23EB4B738E954535B3C0DA926B52B6A9_169C89AC4F5342ED909DF777141C333A_56276AC9D54F419385575967EE088DFB', NULL, 'sys:area:add,sys:area:save', 2, NULL, 1, 2.21, NULL, '2020-02-14 01:59:39', NULL, NULL),('5B9A8A91B2FC415F8A66B9C7081FCBCB', NULL, '查看', 'C67CF8BD12B845C082D559027859CF94', '23EB4B738E954535B3C0DA926B52B6A9_C67CF8BD12B845C082D559027859CF94_5B9A8A91B2FC415F8A66B9C7081FCBCB', NULL, 'sys:dict:info', 2, NULL, 1, 2.13, NULL, '2020-02-14 00:07:18', NULL, '2020-02-14 00:07:18'),('6392E1A6E9094BA0948A2813F6022C9A', NULL, '修改', '6D0D711491F04F09AA763D09298B656E', '2FB26B507924440B968BED4C3A279AEC_6D0D711491F04F09AA763D09298B656E_6392E1A6E9094BA0948A2813F6022C9A', NULL, 'sys:org:modify', 2, NULL, 1, 1.02, NULL, '2020-02-13 23:47:07', NULL, '2020-02-13 23:47:07'),('6D0D711491F04F09AA763D09298B656E', NULL, '单位管理', '2FB26B507924440B968BED4C3A279AEC', '2FB26B507924440B968BED4C3A279AEC_6D0D711491F04F09AA763D09298B656E', '/sys-org/list', 'sys:org:list', 1, 'fa fa-users', 1, 1.00, NULL, '2020-02-14 14:08:31', NULL, NULL),('6E0605969EEB40828396C48E4BEB8FFB', NULL, '新增', '81DB2085475F4D8E8277466F8509B872', '23EB4B738E954535B3C0DA926B52B6A9_81DB2085475F4D8E8277466F8509B872_6E0605969EEB40828396C48E4BEB8FFB', NULL, 'sys:menu:add', 2, NULL, 1, 1.11, NULL, '2020-02-13 23:40:41', NULL, '2020-02-13 23:40:41'),('73EB754BD8D747A78416CF7E7D438C83', NULL, '系统日志', '2FB26B507924440B968BED4C3A279AEC', '2FB26B507924440B968BED4C3A279AEC_73EB754BD8D747A78416CF7E7D438C83', '/sys/log/list', 'sys:log:list', 1, 'fa fa-file-text-o', 1, 1.40, NULL, '2020-02-13 23:43:59', NULL, '2020-02-13 23:43:59'),('7E461EBC96B4499791908FF782224708', NULL, '删除', '73EB754BD8D747A78416CF7E7D438C83', '2FB26B507924440B968BED4C3A279AEC_73EB754BD8D747A78416CF7E7D438C83_7E461EBC96B4499791908FF782224708', NULL, 'sys:log:remove', 2, 'fa fa-trash', 1, 1.40, NULL, '2020-02-13 23:47:35', NULL, '2020-02-13 23:47:35'),('7EF45D395B8F4FCE90204753709128B8', NULL, '删除', '169C89AC4F5342ED909DF777141C333A', '23EB4B738E954535B3C0DA926B52B6A9_169C89AC4F5342ED909DF777141C333A_7EF45D395B8F4FCE90204753709128B8', NULL, 'sys:area:remove', 2, NULL, 1, 2.23, NULL, '2020-02-16 00:22:06', NULL, NULL),('7F3E8063D15844D7A7AB27D634842231', NULL, '新增', '6D0D711491F04F09AA763D09298B656E', '2FB26B507924440B968BED4C3A279AEC_6D0D711491F04F09AA763D09298B656E_7F3E8063D15844D7A7AB27D634842231', NULL, 'sys:org:add,sys:org:save', 2, NULL, 1, 1.01, NULL, '2020-02-13 23:47:13', NULL, '2020-02-13 23:47:13'),('81DB2085475F4D8E8277466F8509B872', NULL, '菜单管理', '23EB4B738E954535B3C0DA926B52B6A9', '23EB4B738E954535B3C0DA926B52B6A9_81DB2085475F4D8E8277466F8509B872', '/sys-menu/list', 'sys:menu:list', 1, 'fa fa-th-list', 1, 1.10, NULL, '2020-02-13 23:35:36', NULL, '2020-02-13 23:35:36'),('8D16516CA9324E0283A37D2EC37689CD', NULL, '解锁', '157561D5BB17469086FA11638FD16A0D', '2FB26B507924440B968BED4C3A279AEC_157561D5BB17469086FA11638FD16A0D_8D16516CA9324E0283A37D2EC37689CD', NULL, 'sys:user:unlock', 2, NULL, 1, 1.37, NULL, '2020-02-13 23:46:27', NULL, '2020-02-13 23:46:27'),('A08BC6AEE58A448B834DFB9626FBF6BB', NULL, '修改', '169C89AC4F5342ED909DF777141C333A', '23EB4B738E954535B3C0DA926B52B6A9_169C89AC4F5342ED909DF777141C333A_A08BC6AEE58A448B834DFB9626FBF6BB', NULL, 'sys:area:edit,sys:area:modify', 2, NULL, 1, 2.24, NULL, '2020-02-15 23:54:26', NULL, NULL),('A884804E0933486CB3B7ACECB3062CE7', NULL, '新增', '157561D5BB17469086FA11638FD16A0D', '2FB26B507924440B968BED4C3A279AEC_157561D5BB17469086FA11638FD16A0D_A884804E0933486CB3B7ACECB3062CE7', NULL, 'sys:user:add', 2, NULL, 1, 1.31, NULL, '2020-02-13 23:46:30', NULL, '2020-02-13 23:46:30'),('B571E1A529DA4004AEC143B342AC368D', NULL, '角色管理', '2FB26B507924440B968BED4C3A279AEC', '2FB26B507924440B968BED4C3A279AEC_B571E1A529DA4004AEC143B342AC368D', '/sys-role/list', 'sys:role:list', 1, 'fa fa-user-secret', 1, 1.20, NULL, '2020-02-13 23:44:20', NULL, '2020-02-13 23:44:20'),('BAE4E1693142428193B880FBC90730AA', NULL, '查看', 'B571E1A529DA4004AEC143B342AC368D', '2FB26B507924440B968BED4C3A279AEC_B571E1A529DA4004AEC143B342AC368D_BAE4E1693142428193B880FBC90730AA', NULL, 'sys:role:list,sys:role:info', 2, NULL, 1, 1.23, NULL, '2020-02-13 23:47:59', NULL, '2020-02-13 23:47:59'),('C05D281058574E17A832BC914127B8E1', NULL, '删除', 'B571E1A529DA4004AEC143B342AC368D', '2FB26B507924440B968BED4C3A279AEC_B571E1A529DA4004AEC143B342AC368D_C05D281058574E17A832BC914127B8E1', NULL, 'sys:role:remove', 2, NULL, 1, 1.24, NULL, '2020-02-13 23:48:04', NULL, '2020-02-13 23:48:04'),('C67CF8BD12B845C082D559027859CF94', NULL, '字典管理', '23EB4B738E954535B3C0DA926B52B6A9', '23EB4B738E954535B3C0DA926B52B6A9_C67CF8BD12B845C082D559027859CF94', '/sys-dict/list', 'sys:dict:list', 1, 'fa fa-file-code-o', 1, 2.10, NULL, '2020-02-14 00:06:03', NULL, '2020-02-14 00:06:03'),('C8E8113B021E4D6482C3583F02C8ACD3', NULL, 'sql监控', 'E626977424314A3BB92DA7E2FBE995C2', 'E626977424314A3BB92DA7E2FBE995C2_C8E8113B021E4D6482C3583F02C8ACD3', '/druid/sql.html', NULL, 1, 'fa fa-bar-chart', 1, 3.10, NULL, '2020-02-13 23:49:56', NULL, '2020-02-13 23:49:56'),('E0551D508FDE487BBE03F34295FC3E9C', NULL, '修改', 'C67CF8BD12B845C082D559027859CF94', '23EB4B738E954535B3C0DA926B52B6A9_C67CF8BD12B845C082D559027859CF94_E0551D508FDE487BBE03F34295FC3E9C', NULL, 'sys:dict:edit,sys:dict:modify', 2, NULL, 1, 2.12, NULL, '2020-02-15 11:25:42', NULL, NULL),('E056A1AB511742F9AED4D73BB93B7445', NULL, '删除', 'C67CF8BD12B845C082D559027859CF94', '23EB4B738E954535B3C0DA926B52B6A9_C67CF8BD12B845C082D559027859CF94_E056A1AB511742F9AED4D73BB93B7445', NULL, 'sys:dict:remove', 2, NULL, 1, 2.14, NULL, '2020-02-14 00:07:21', NULL, '2020-02-14 00:07:21'),('E570CC77D88A40CDB19A038B3142B42F', NULL, '删除', '81DB2085475F4D8E8277466F8509B872', '23EB4B738E954535B3C0DA926B52B6A9_81DB2085475F4D8E8277466F8509B872_E570CC77D88A40CDB19A038B3142B42F', NULL, 'sys:menu:remove', 2, NULL, 1, 1.14, NULL, '2020-02-13 23:40:48', NULL, '2020-02-13 23:40:48'),('E626977424314A3BB92DA7E2FBE995C2', NULL, '开发工具', '0', 'E626977424314A3BB92DA7E2FBE995C2', NULL, NULL, 0, 'fa fa-th-large', 1, 3.00, NULL, '2020-02-13 23:34:47', NULL, '2020-02-13 23:34:47'),('ED45759CF5C64CA99752E17ED2D7EDDF', NULL, '修改', '81DB2085475F4D8E8277466F8509B872', '23EB4B738E954535B3C0DA926B52B6A9_81DB2085475F4D8E8277466F8509B872_ED45759CF5C64CA99752E17ED2D7EDDF', NULL, 'sys:menu:edit', 2, NULL, 1, 1.12, NULL, '2020-02-13 23:40:52', NULL, '2020-02-13 23:40:52'),('F3D172411F6F40F683222DD0EA7896BE', NULL, '查看', '169C89AC4F5342ED909DF777141C333A', '23EB4B738E954535B3C0DA926B52B6A9_169C89AC4F5342ED909DF777141C333A_F3D172411F6F40F683222DD0EA7896BE', NULL, 'sys:area:list,sys:area:info', 2, NULL, 1, 2.22, NULL, '2020-02-16 00:22:29', NULL, NULL),('F565779CF9784C22A04459A61F8AB4F5', NULL, '查看', '81DB2085475F4D8E8277466F8509B872', '23EB4B738E954535B3C0DA926B52B6A9_81DB2085475F4D8E8277466F8509B872_F565779CF9784C22A04459A61F8AB4F5', NULL, 'sys:menu:info', 2, NULL, 1, 1.13, NULL, '2020-02-13 23:41:01', NULL, '2020-02-13 23:41:01'),('F71C5AE2F3BA448BA93BA7B85E555152', NULL, '修改', '157561D5BB17469086FA11638FD16A0D', '2FB26B507924440B968BED4C3A279AEC_157561D5BB17469086FA11638FD16A0D_F71C5AE2F3BA448BA93BA7B85E555152', NULL, 'sys:user:edit', 2, NULL, 1, 1.32, NULL, '2020-02-13 23:46:36', NULL, '2020-02-13 23:46:36'),('F7E65F4CC1D54D00AFEB8B5440A4AF62', NULL, '修改', 'B571E1A529DA4004AEC143B342AC368D', '2FB26B507924440B968BED4C3A279AEC_B571E1A529DA4004AEC143B342AC368D_F7E65F4CC1D54D00AFEB8B5440A4AF62', NULL, 'sys:role:edit,sys:menu:perms', 2, NULL, 1, 1.22, NULL, '2020-02-13 23:48:11', NULL, '2020-02-13 23:48:11'),('FB9A4913CD694B5E87FA977F0999053C', NULL, '设置', 'C67CF8BD12B845C082D559027859CF94', '23EB4B738E954535B3C0DA926B52B6A9_C67CF8BD12B845C082D559027859CF94_FB9A4913CD694B5E87FA977F0999053C', NULL, 'sys:dict:setting', 2, '', NULL, 2.16, NULL, '2020-02-14 14:16:22', NULL, '2020-02-14 14:16:22'),('FEA06DE81F844E2DA5338A7BA67510DC', NULL, '停用', 'C67CF8BD12B845C082D559027859CF94', '23EB4B738E954535B3C0DA926B52B6A9_C67CF8BD12B845C082D559027859CF94_FEA06DE81F844E2DA5338A7BA67510DC', NULL, 'sys:dict:disable', 2, NULL, 1, 2.16, NULL, '2020-02-14 00:07:26', NULL, '2020-02-14 00:07:26');
UNLOCK TABLES;
COMMIT;
BEGIN;
LOCK TABLES `fsoft`.`sys_organize` WRITE;
DELETE FROM `fsoft`.`sys_organize`;
INSERT INTO `fsoft`.`sys_organize` (`RWID`,`STD_CODE`,`STD_NAME`,`parent_id`,`parentS`,`SORT_NO`,`STATUS`,`create_user_id`,`create_time`,`modify_user_id`,`modify_time`) VALUES ('1283020107C011EA810600FFF4B8A342', '530022', '阿里巴巴', '', '1283020107C011EA810600FFF4B8A342', 1.00, 1, NULL, '2020-02-13 08:51:19', NULL, '2020-02-13 08:51:19'),('18BD951082E741CCA689E6F59DF2F81C', '20200214', '微信', '1A22736307C011EA810600FFF4B8A342', '1A22736307C011EA810600FFF4B8A342_18BD951082E741CCA689E6F59DF2F81C', 0.10, 1, 'B0095B89261A454E8C04A4F57CF9F75D', '2020-02-15 22:28:15', 'B0095B89261A454E8C04A4F57CF9F75D', '2020-02-15 22:28:15'),('1A22736307C011EA810600FFF4B8A342', '537200', '腾讯', NULL, '1A22736307C011EA810600FFF4B8A342_DDABA179992845CF848B881CD6C41454_1A22736307C011EA810600FFF4B8A342', 2.00, 1, NULL, '2020-02-16 00:33:12', 'B0095B89261A454E8C04A4F57CF9F75D', '2020-02-16 00:33:12'),('1FD6BCF107C011EA810600FFF4B8A342', '537201', '天猫商城', '1283020107C011EA810600FFF4B8A342', '1283020107C011EA810600FFF4B8A342_1FD6BCF107C011EA810600FFF4B8A342', 1.00, 1, NULL, '2020-02-13 10:55:08', 'B0095B89261A454E8C04A4F57CF9F75D', '2020-02-13 10:55:09'),('2849FC29AB744B58A5F9BF5FFEBC2AB5', '000000', '默认单位', NULL, '2849FC29AB744B58A5F9BF5FFEBC2AB5', 0.00, 1, '1', '2020-02-13 10:53:06', 'B0095B89261A454E8C04A4F57CF9F75D', '2020-02-13 10:53:06'),('321877E3D8FF478581F0D711E0DA28B8', '20200213', '王者荣耀', '1A22736307C011EA810600FFF4B8A342', '1A22736307C011EA810600FFF4B8A342_321877E3D8FF478581F0D711E0DA28B8', 1.00, 1, 'B0095B89261A454E8C04A4F57CF9F75D', '2020-02-13 22:54:22', NULL, NULL),('DDABA179992845CF848B881CD6C41454', 'admin', 'admin', '1A22736307C011EA810600FFF4B8A342', '1A22736307C011EA810600FFF4B8A342_DDABA179992845CF848B881CD6C41454', -1.00, 1, 'B0095B89261A454E8C04A4F57CF9F75D', '2020-02-15 22:28:58', 'B0095B89261A454E8C04A4F57CF9F75D', '2020-02-15 22:28:59'),('E693A1293B694A00A4D59A60C4A7BD85', '123', '支付宝', '1283020107C011EA810600FFF4B8A342', '1283020107C011EA810600FFF4B8A342_E693A1293B694A00A4D59A60C4A7BD85', 2.00, 1, 'B0095B89261A454E8C04A4F57CF9F75D', '2020-02-13 22:48:20', NULL, NULL);
UNLOCK TABLES;
COMMIT;
BEGIN;
LOCK TABLES `fsoft`.`sys_role` WRITE;
DELETE FROM `fsoft`.`sys_role`;
INSERT INTO `fsoft`.`sys_role` (`RWID`,`ROLE_CODE`,`ROLE_NAME`,`REMARK`,`STATUS`,`IS_SYSTEM`,`create_user_id`,`create_time`,`modify_user_id`,`modify_time`) VALUES ('1D7EA23EA14B4ACDA0A86E36B7E60816', 'Administrator', '超级管理员', '系统内置管理员', 1, 1, NULL, '2019-11-01 17:13:17', 'B0095B89261A454E8C04A4F57CF9F75D', '2019-11-01 17:13:17'),('226E284D6091417FBE5D48289971B583', '222', '222', '', 0, 0, 'B0095B89261A454E8C04A4F57CF9F75D', '2020-02-15 22:34:30', 'B0095B89261A454E8C04A4F57CF9F75D', '2020-02-15 22:34:30'),('6982FC3443214BC79502D4154C54B4D1', '32', '23', '', 1, 0, 'B0095B89261A454E8C04A4F57CF9F75D', '2020-02-15 22:34:30', 'B0095B89261A454E8C04A4F57CF9F75D', '2020-02-15 22:34:31'),('84905D3EB4CB4C64870D631D22BBDFA0', 'admin', '系统管理员', '参数配置，权限配置，系统设置的基础管理工作角色', 1, 0, 'B0095B89261A454E8C04A4F57CF9F75D', '2019-11-05 17:19:38', 'B0095B89261A454E8C04A4F57CF9F75D', '2019-11-05 17:19:39');
UNLOCK TABLES;
COMMIT;
BEGIN;
LOCK TABLES `fsoft`.`sys_role_menu` WRITE;
DELETE FROM `fsoft`.`sys_role_menu`;
INSERT INTO `fsoft`.`sys_role_menu` (`RWID`,`MENU_ID`,`ROLE_ID`) VALUES ('05D051364E6411EA853600FFB8AEE050', '2FB26B507924440B968BED4C3A279AEC', '6982FC3443214BC79502D4154C54B4D1'),('05D053784E6411EA853600FFB8AEE050', '157561D5BB17469086FA11638FD16A0D', '6982FC3443214BC79502D4154C54B4D1'),('05D053BB4E6411EA853600FFB8AEE050', '275DE054E7DB46D79B3981CD4344AA49', '6982FC3443214BC79502D4154C54B4D1'),('05D053E94E6411EA853600FFB8AEE050', '2DBEFE4302184B1DBADDA6CDEA44A941', '6982FC3443214BC79502D4154C54B4D1'),('05D054174E6411EA853600FFB8AEE050', '11F8038E13BA43EA88C4CBC75A0AB3DF', '6982FC3443214BC79502D4154C54B4D1'),('05D054484E6411EA853600FFB8AEE050', '8D16516CA9324E0283A37D2EC37689CD', '6982FC3443214BC79502D4154C54B4D1'),('05D054724E6411EA853600FFB8AEE050', '73EB754BD8D747A78416CF7E7D438C83', '6982FC3443214BC79502D4154C54B4D1'),('05D054994E6411EA853600FFB8AEE050', '7E461EBC96B4499791908FF782224708', '6982FC3443214BC79502D4154C54B4D1'),('05D054D94E6411EA853600FFB8AEE050', '23EB4B738E954535B3C0DA926B52B6A9', '6982FC3443214BC79502D4154C54B4D1'),('05D055004E6411EA853600FFB8AEE050', 'C67CF8BD12B845C082D559027859CF94', '6982FC3443214BC79502D4154C54B4D1'),('05D055264E6411EA853600FFB8AEE050', '5B9A8A91B2FC415F8A66B9C7081FCBCB', '6982FC3443214BC79502D4154C54B4D1'),('05D0554D4E6411EA853600FFB8AEE050', 'E056A1AB511742F9AED4D73BB93B7445', '6982FC3443214BC79502D4154C54B4D1'),('05D055744E6411EA853600FFB8AEE050', '1F58D17D42D64FABAA0B1AEFA879AA17', '6982FC3443214BC79502D4154C54B4D1'),('05D0559B4E6411EA853600FFB8AEE050', 'FEA06DE81F844E2DA5338A7BA67510DC', '6982FC3443214BC79502D4154C54B4D1'),('207EA16CB4A844D0BE45406FDE39A829', 'FEA06DE81F844E2DA5338A7BA67510DC', '1D7EA23EA14B4ACDA0A86E36B7E60816'),('27AB06359C404DD99C4F66EBFC59BA3D', '6D24B9CDB60A49268456A84F54F87F7D', '1D7EA23EA14B4ACDA0A86E36B7E60816'),('47950F91DEE511E9825B1831BF4FC3F6', '11F8038E13BA43EA88C4CBC75A0AB3DF', '1D7EA23EA14B4ACDA0A86E36B7E60816'),('47951121DEE511E9825B1831BF4FC3F6', '157561D5BB17469086FA11638FD16A0D', '1D7EA23EA14B4ACDA0A86E36B7E60816'),('479511ABDEE511E9825B1831BF4FC3F6', '169C89AC4F5342ED909DF777141C333A', '1D7EA23EA14B4ACDA0A86E36B7E60816'),('47951205DEE511E9825B1831BF4FC3F6', '23AE57B39FC54AEA8202B0C954A0ABC8', '1D7EA23EA14B4ACDA0A86E36B7E60816'),('479512F0DEE511E9825B1831BF4FC3F6', '23EB4B738E954535B3C0DA926B52B6A9', '1D7EA23EA14B4ACDA0A86E36B7E60816'),('4795134BDEE511E9825B1831BF4FC3F6', '258AD3CB4AD54C9694A38907745CC7AD', '1D7EA23EA14B4ACDA0A86E36B7E60816'),('4795139DDEE511E9825B1831BF4FC3F6', '275DE054E7DB46D79B3981CD4344AA49', '1D7EA23EA14B4ACDA0A86E36B7E60816'),('479513E1DEE511E9825B1831BF4FC3F6', '2B173C237AB040F1BF4CF798BFFBD0E4', '1D7EA23EA14B4ACDA0A86E36B7E60816'),('47951436DEE511E9825B1831BF4FC3F6', '2DBEFE4302184B1DBADDA6CDEA44A941', '1D7EA23EA14B4ACDA0A86E36B7E60816'),('4795147CDEE511E9825B1831BF4FC3F6', '2F6A74A1A5264BD180C33EF4042D01A5', '1D7EA23EA14B4ACDA0A86E36B7E60816'),('479514C5DEE511E9825B1831BF4FC3F6', '2FB26B507924440B968BED4C3A279AEC', '1D7EA23EA14B4ACDA0A86E36B7E60816'),('4795150DDEE511E9825B1831BF4FC3F6', '340A8F934ABE4F639D3C1CA6AB1B44BA', '1D7EA23EA14B4ACDA0A86E36B7E60816'),('4795155BDEE511E9825B1831BF4FC3F6', '56276AC9D54F419385575967EE088DFB', '1D7EA23EA14B4ACDA0A86E36B7E60816'),('479515A6DEE511E9825B1831BF4FC3F6', '5B9A8A91B2FC415F8A66B9C7081FCBCB', '1D7EA23EA14B4ACDA0A86E36B7E60816'),('479515ECDEE511E9825B1831BF4FC3F6', '6392E1A6E9094BA0948A2813F6022C9A', '1D7EA23EA14B4ACDA0A86E36B7E60816'),('47951635DEE511E9825B1831BF4FC3F6', '6D0D711491F04F09AA763D09298B656E', '1D7EA23EA14B4ACDA0A86E36B7E60816'),('47951680DEE511E9825B1831BF4FC3F6', '6E0605969EEB40828396C48E4BEB8FFB', '1D7EA23EA14B4ACDA0A86E36B7E60816'),('479516E1DEE511E9825B1831BF4FC3F6', '73EB754BD8D747A78416CF7E7D438C83', '1D7EA23EA14B4ACDA0A86E36B7E60816'),('47951732DEE511E9825B1831BF4FC3F6', '753162C366CC4BE8848835083E52A4B8', '1D7EA23EA14B4ACDA0A86E36B7E60816'),('47951778DEE511E9825B1831BF4FC3F6', '7E461EBC96B4499791908FF782224708', '1D7EA23EA14B4ACDA0A86E36B7E60816'),('479517C8DEE511E9825B1831BF4FC3F6', '7EF45D395B8F4FCE90204753709128B8', '1D7EA23EA14B4ACDA0A86E36B7E60816'),('47951813DEE511E9825B1831BF4FC3F6', '7F3E8063D15844D7A7AB27D634842231', '1D7EA23EA14B4ACDA0A86E36B7E60816'),('47951863DEE511E9825B1831BF4FC3F6', '81DB2085475F4D8E8277466F8509B872', '1D7EA23EA14B4ACDA0A86E36B7E60816'),('479518A9DEE511E9825B1831BF4FC3F6', '8D16516CA9324E0283A37D2EC37689CD', '1D7EA23EA14B4ACDA0A86E36B7E60816'),('479518F2DEE511E9825B1831BF4FC3F6', 'A08BC6AEE58A448B834DFB9626FBF6BB', '1D7EA23EA14B4ACDA0A86E36B7E60816'),('47951938DEE511E9825B1831BF4FC3F6', 'A884804E0933486CB3B7ACECB3062CE7', '1D7EA23EA14B4ACDA0A86E36B7E60816'),('47951980DEE511E9825B1831BF4FC3F6', 'B571E1A529DA4004AEC143B342AC368D', '1D7EA23EA14B4ACDA0A86E36B7E60816'),('479519C9DEE511E9825B1831BF4FC3F6', 'BAE4E1693142428193B880FBC90730AA', '1D7EA23EA14B4ACDA0A86E36B7E60816'),('47951A1EDEE511E9825B1831BF4FC3F6', 'C05D281058574E17A832BC914127B8E1', '1D7EA23EA14B4ACDA0A86E36B7E60816'),('47951A69DEE511E9825B1831BF4FC3F6', 'C67CF8BD12B845C082D559027859CF94', '1D7EA23EA14B4ACDA0A86E36B7E60816'),('47951AB4DEE511E9825B1831BF4FC3F6', 'C8E8113B021E4D6482C3583F02C8ACD3', '1D7EA23EA14B4ACDA0A86E36B7E60816'),('47951AFADEE511E9825B1831BF4FC3F6', 'E0551D508FDE487BBE03F34295FC3E9C', '1D7EA23EA14B4ACDA0A86E36B7E60816'),('47951B3EDEE511E9825B1831BF4FC3F6', 'E056A1AB511742F9AED4D73BB93B7445', '1D7EA23EA14B4ACDA0A86E36B7E60816'),('47951B87DEE511E9825B1831BF4FC3F6', 'E570CC77D88A40CDB19A038B3142B42F', '1D7EA23EA14B4ACDA0A86E36B7E60816'),('47951BC5DEE511E9825B1831BF4FC3F6', 'E626977424314A3BB92DA7E2FBE995C2', '1D7EA23EA14B4ACDA0A86E36B7E60816'),('47951C04DEE511E9825B1831BF4FC3F6', 'ED45759CF5C64CA99752E17ED2D7EDDF', '1D7EA23EA14B4ACDA0A86E36B7E60816'),('47951C47DEE511E9825B1831BF4FC3F6', 'F3D172411F6F40F683222DD0EA7896BE', '1D7EA23EA14B4ACDA0A86E36B7E60816'),('47951C7FDEE511E9825B1831BF4FC3F6', 'F565779CF9784C22A04459A61F8AB4F5', '1D7EA23EA14B4ACDA0A86E36B7E60816'),('47951CB8DEE511E9825B1831BF4FC3F6', 'F71C5AE2F3BA448BA93BA7B85E555152', '1D7EA23EA14B4ACDA0A86E36B7E60816'),('47951CFEDEE511E9825B1831BF4FC3F6', 'F7E65F4CC1D54D00AFEB8B5440A4AF62', '1D7EA23EA14B4ACDA0A86E36B7E60816'),('5B8B6C71BA33452592E538BA0271D25F', '1F58D17D42D64FABAA0B1AEFA879AA17', '1D7EA23EA14B4ACDA0A86E36B7E60816'),('623710414DAE11EA853600FFB8AEE050', '2FB26B507924440B968BED4C3A279AEC', '226E284D6091417FBE5D48289971B583'),('62372FF64DAE11EA853600FFB8AEE050', '157561D5BB17469086FA11638FD16A0D', '226E284D6091417FBE5D48289971B583'),('6237312D4DAE11EA853600FFB8AEE050', 'A884804E0933486CB3B7ACECB3062CE7', '226E284D6091417FBE5D48289971B583'),('623731964DAE11EA853600FFB8AEE050', 'F71C5AE2F3BA448BA93BA7B85E555152', '226E284D6091417FBE5D48289971B583'),('623731EF4DAE11EA853600FFB8AEE050', '275DE054E7DB46D79B3981CD4344AA49', '226E284D6091417FBE5D48289971B583'),('623732554DAE11EA853600FFB8AEE050', '2DBEFE4302184B1DBADDA6CDEA44A941', '226E284D6091417FBE5D48289971B583'),('623732A24DAE11EA853600FFB8AEE050', '2F6A74A1A5264BD180C33EF4042D01A5', '226E284D6091417FBE5D48289971B583'),('623732E24DAE11EA853600FFB8AEE050', '11F8038E13BA43EA88C4CBC75A0AB3DF', '226E284D6091417FBE5D48289971B583'),('623733214DAE11EA853600FFB8AEE050', '8D16516CA9324E0283A37D2EC37689CD', '226E284D6091417FBE5D48289971B583'),('66D982E05B244B01A6D0EDD4C0038F13', '917227B792924E92BBB25928376EEDF4', '1D7EA23EA14B4ACDA0A86E36B7E60816'),('76A676E291AA47F1B80F90234AC1D904', '88C67864BD80492C8666AE2AC8D145DB', '1D7EA23EA14B4ACDA0A86E36B7E60816'),('84C02B299196414A83B5A0DBAE2B4E07', '7628F8D9E1F54E15AB24D4F42F828298', '1D7EA23EA14B4ACDA0A86E36B7E60816'),('B564B98E9EC0436695B64F5ABA9C0C16', 'FB9A4913CD694B5E87FA977F0999053C', '1D7EA23EA14B4ACDA0A86E36B7E60816'),('C27BEAE7FFAD11E99D3E00FFF4B8A342', '2FB26B507924440B968BED4C3A279AEC', '84905D3EB4CB4C64870D631D22BBDFA0'),('C27BFDCCFFAD11E99D3E00FFF4B8A342', '6D0D711491F04F09AA763D09298B656E', '84905D3EB4CB4C64870D631D22BBDFA0'),('C27BFE3AFFAD11E99D3E00FFF4B8A342', '7F3E8063D15844D7A7AB27D634842231', '84905D3EB4CB4C64870D631D22BBDFA0'),('C27BFE7EFFAD11E99D3E00FFF4B8A342', '6392E1A6E9094BA0948A2813F6022C9A', '84905D3EB4CB4C64870D631D22BBDFA0'),('C27BFECEFFAD11E99D3E00FFF4B8A342', '258AD3CB4AD54C9694A38907745CC7AD', '84905D3EB4CB4C64870D631D22BBDFA0'),('C27BFF14FFAD11E99D3E00FFF4B8A342', '23AE57B39FC54AEA8202B0C954A0ABC8', '84905D3EB4CB4C64870D631D22BBDFA0'),('C27BFF89FFAD11E99D3E00FFF4B8A342', '81DB2085475F4D8E8277466F8509B872', '84905D3EB4CB4C64870D631D22BBDFA0'),('C27BFFCDFFAD11E99D3E00FFF4B8A342', '6E0605969EEB40828396C48E4BEB8FFB', '84905D3EB4CB4C64870D631D22BBDFA0'),('C27C0007FFAD11E99D3E00FFF4B8A342', 'ED45759CF5C64CA99752E17ED2D7EDDF', '84905D3EB4CB4C64870D631D22BBDFA0'),('C27C0043FFAD11E99D3E00FFF4B8A342', 'F565779CF9784C22A04459A61F8AB4F5', '84905D3EB4CB4C64870D631D22BBDFA0'),('C27C007FFFAD11E99D3E00FFF4B8A342', 'E570CC77D88A40CDB19A038B3142B42F', '84905D3EB4CB4C64870D631D22BBDFA0'),('C27C00C7FFAD11E99D3E00FFF4B8A342', 'B571E1A529DA4004AEC143B342AC368D', '84905D3EB4CB4C64870D631D22BBDFA0'),('C27C0106FFAD11E99D3E00FFF4B8A342', '340A8F934ABE4F639D3C1CA6AB1B44BA', '84905D3EB4CB4C64870D631D22BBDFA0'),('C27C0145FFAD11E99D3E00FFF4B8A342', 'F7E65F4CC1D54D00AFEB8B5440A4AF62', '84905D3EB4CB4C64870D631D22BBDFA0'),('C27C0190FFAD11E99D3E00FFF4B8A342', 'BAE4E1693142428193B880FBC90730AA', '84905D3EB4CB4C64870D631D22BBDFA0'),('C27C01CEFFAD11E99D3E00FFF4B8A342', 'C05D281058574E17A832BC914127B8E1', '84905D3EB4CB4C64870D631D22BBDFA0'),('C27C020DFFAD11E99D3E00FFF4B8A342', '157561D5BB17469086FA11638FD16A0D', '84905D3EB4CB4C64870D631D22BBDFA0'),('C27C0253FFAD11E99D3E00FFF4B8A342', 'A884804E0933486CB3B7ACECB3062CE7', '84905D3EB4CB4C64870D631D22BBDFA0'),('C27C0292FFAD11E99D3E00FFF4B8A342', 'F71C5AE2F3BA448BA93BA7B85E555152', '84905D3EB4CB4C64870D631D22BBDFA0'),('C27C02D5FFAD11E99D3E00FFF4B8A342', '275DE054E7DB46D79B3981CD4344AA49', '84905D3EB4CB4C64870D631D22BBDFA0'),('C27C0314FFAD11E99D3E00FFF4B8A342', '2DBEFE4302184B1DBADDA6CDEA44A941', '84905D3EB4CB4C64870D631D22BBDFA0'),('C27C037DFFAD11E99D3E00FFF4B8A342', '2F6A74A1A5264BD180C33EF4042D01A5', '84905D3EB4CB4C64870D631D22BBDFA0'),('C27C0468FFAD11E99D3E00FFF4B8A342', '11F8038E13BA43EA88C4CBC75A0AB3DF', '84905D3EB4CB4C64870D631D22BBDFA0'),('C27C04BDFFAD11E99D3E00FFF4B8A342', '8D16516CA9324E0283A37D2EC37689CD', '84905D3EB4CB4C64870D631D22BBDFA0'),('C27C0504FFAD11E99D3E00FFF4B8A342', '73EB754BD8D747A78416CF7E7D438C83', '84905D3EB4CB4C64870D631D22BBDFA0'),('C27C0787FFAD11E99D3E00FFF4B8A342', '7E461EBC96B4499791908FF782224708', '84905D3EB4CB4C64870D631D22BBDFA0'),('C34D8E4172BC4ECABF47753F924128DE', 'DBD07104BC884D8FB2145FFDF2489EF1', '1D7EA23EA14B4ACDA0A86E36B7E60816');
UNLOCK TABLES;
COMMIT;
BEGIN;
LOCK TABLES `fsoft`.`sys_user` WRITE;
DELETE FROM `fsoft`.`sys_user`;
INSERT INTO `fsoft`.`sys_user` (`RWID`,`LOGIN_ACCT`,`LOGIN_PWD`,`USER_NAME`,`EMAIL`,`MOBILE`,`STATUS`,`IS_LOCK`,`LOCK_TYPE`,`LOCK_TIME`,`SORT_NO`,`ORG_ID`,`AREA_ID`,`THEME`,`IMG_PATH`,`CREATE_USER_ID`,`CREATE_TIME`,`MODIFY_USER_ID`,`MODIFY_TIME`) VALUES ('039C674166F744CBA0F6CCF3DCEC9F79', 'dev', '8c6976e5b5410415bde908bd4dee15dfb167a9c873fc4bb8a81f6f2ab448a918', 'admin', '123@qq.com', '18900001111', 1, 1, 0, '2020-02-13 08:07:51', NULL, '1A22736307C011EA810600FFF4B8A342', '1', NULL, NULL, 'B0095B89261A454E8C04A4F57CF9F75D', '2020-02-13 08:07:51', 'B0095B89261A454E8C04A4F57CF9F75D', '2020-02-13 08:07:51'),('B0095B89261A454E8C04A4F57CF9F75D', 'admin', '8c6976e5b5410415bde908bd4dee15dfb167a9c873fc4bb8a81f6f2ab448a918', '系统管理员', 'it.fish2010@foxmail.com', '18900000000', 1, 0, NULL, '2020-02-13 08:07:51', NULL, 'DDABA179992845CF848B881CD6C41454', '1', 'theme2', NULL, NULL, '2020-02-16 00:32:07', 'B0095B89261A454E8C04A4F57CF9F75D', '2020-02-16 00:32:08'),('C042F0AE0F594F0DA12D4B16E0BC7944', 'lijiale', '8d969eef6ecad3c29a3a629280e686cf0c3f5d5a86aff3ca12020c923adc6c92', '黎佳乐', 'admin@qq.com', '15878102955', 1, 0, NULL, '2020-02-15 22:16:06', NULL, '2849FC29AB744B58A5F9BF5FFEBC2AB5', '1', 'theme2', NULL, 'B0095B89261A454E8C04A4F57CF9F75D', '2020-02-15 22:16:06', 'C042F0AE0F594F0DA12D4B16E0BC7944', '2020-02-15 22:16:07'),('D374A701CC8443048D13C8694D42CB9C', 'licheng', 'b1170b38bb56dbd5cfc835f7b4fd7ce91c60a8443ac6116b79264a813f586982', '张三', 'it@qq.com', '18900001111', 1, 0, NULL, '2020-02-15 22:17:03', NULL, '1283020107C011EA810600FFF4B8A342', '1', 'theme3', NULL, 'B0095B89261A454E8C04A4F57CF9F75D', '2020-02-15 22:17:03', 'C042F0AE0F594F0DA12D4B16E0BC7944', '2020-02-15 22:17:03');
UNLOCK TABLES;
COMMIT;
BEGIN;
LOCK TABLES `fsoft`.`sys_user_role` WRITE;
DELETE FROM `fsoft`.`sys_user_role`;
INSERT INTO `fsoft`.`sys_user_role` (`RWID`,`USER_ID`,`ROLE_ID`) VALUES ('0178FF2F4ECE11EA853600FFB8AEE050', 'D374A701CC8443048D13C8694D42CB9C', '6982FC3443214BC79502D4154C54B4D1'),('1C44964BFFAF11E99D3E00FFF4B8A342', '21E353C97729405AAB346FDDD73C463A', '84905D3EB4CB4C64870D631D22BBDFA0'),('4CAF95004FFC11EAA30A00FFB8AEE050', 'C042F0AE0F594F0DA12D4B16E0BC7944', '1D7EA23EA14B4ACDA0A86E36B7E60816'),('7A593FA04ECD11EA853600FFB8AEE050', '039C674166F744CBA0F6CCF3DCEC9F79', '6982FC3443214BC79502D4154C54B4D1'),('B1B5F02F501011EAA30A00FFB8AEE050', 'B0095B89261A454E8C04A4F57CF9F75D', '84905D3EB4CB4C64870D631D22BBDFA0'),('B1B604EA501011EAA30A00FFB8AEE050', 'B0095B89261A454E8C04A4F57CF9F75D', '1D7EA23EA14B4ACDA0A86E36B7E60816');
UNLOCK TABLES;
COMMIT;
